,region,date,crime_count,snow_count
0,Gotlands län,1998-12-01,..,62
1,Gotlands län,2002-10-01,..,2
2,Gotlands län,2007-11-01,..,42
3,Gotlands län,2011-11-01,..,0
4,Gotlands län,2012-02-01,..,154
5,Gotlands län,2013-12-01,..,19
6,Gotlands län,2014-02-01,..,54
7,Jämtlands län,2000-11-01,..,131
8,Jämtlands län,2005-12-01,..,681
9,Jämtlands län,1995-01-01,1,295
10,Jämtlands län,1995-03-01,2,287
11,Jämtlands län,1995-11-01,2,92
12,Jämtlands län,1996-12-01,2,345
13,Norrbottens län,1995-12-01,4,324
14,Norrbottens län,1999-02-01,3,441
15,Norrbottens län,2003-01-01,3,557
16,Västerbottens län,2000-11-01,3,65
17,Västerbottens län,2001-02-01,3,220
18,Blekinge län,1995-03-01,16,1
19,Blekinge län,1996-10-01,15,0
20,Blekinge län,2000-03-01,15,1
21,Blekinge län,2000-11-01,15,0
22,Blekinge län,2002-11-01,15,0
23,Blekinge län,2005-01-01,15,0
24,Blekinge län,2007-03-01,15,2
25,Blekinge län,2011-02-01,16,75
26,Dalarnas län,1996-01-01,30,163
27,Dalarnas län,1996-03-01,30,115
28,Dalarnas län,1997-10-01,29,33
29,Dalarnas län,1998-12-01,29,220
30,Dalarnas län,2000-01-01,29,231
31,Dalarnas län,2001-11-01,29,145
32,Dalarnas län,2001-12-01,27,242
33,Dalarnas län,2002-10-01,29,44
34,Dalarnas län,2003-10-01,29,31
35,Dalarnas län,2003-12-01,29,243
36,Dalarnas län,2004-03-01,29,314
37,Dalarnas län,2004-12-01,27,254
38,Dalarnas län,2005-03-01,27,348
39,Dalarnas län,2010-10-01,27,8
40,Dalarnas län,2012-12-01,29,517
41,Dalarnas län,2014-10-01,27,3
42,Gotlands län,1995-01-01,6,69
43,Gotlands län,1995-02-01,6,41
44,Gotlands län,1996-10-01,6,0
45,Gotlands län,1996-12-01,6,84
46,Gotlands län,1997-10-01,6,1
47,Gotlands län,1998-10-01,6,2
48,Gotlands län,2004-03-01,6,24
49,Gotlands län,2005-11-01,6,12
50,Gotlands län,2007-10-01,6,0
51,Gävleborgs län,1996-01-01,28,13
52,Gävleborgs län,1996-12-01,28,131
53,Gävleborgs län,1999-12-01,28,157
54,Gävleborgs län,2000-12-01,28,57
55,Gävleborgs län,2005-10-01,28,16
56,Gävleborgs län,2005-11-01,27,60
57,Gävleborgs län,2007-10-01,27,3
58,Gävleborgs län,2009-01-01,27,461
59,Gävleborgs län,2010-10-01,29,7
60,Gävleborgs län,2011-12-01,28,285
61,Hallands län,1999-02-01,26,53
62,Jämtlands län,2008-10-01,13,40
63,Jämtlands län,2010-10-01,13,59
64,Jämtlands län,2012-10-01,13,166
65,Jönköpings län,1995-11-01,30,35
66,Jönköpings län,1995-12-01,30,45
67,Jönköpings län,1996-10-01,30,0
68,Jönköpings län,1996-11-01,30,25
69,Jönköpings län,2005-02-01,32,221
70,Jönköpings län,2008-10-01,34,6
71,Jönköpings län,2012-02-01,34,365
72,Jönköpings län,2013-02-01,35,315
73,Kalmar län,1998-12-01,25,129
74,Kalmar län,2002-03-01,23,21
75,Kalmar län,2002-10-01,24,19
76,Kalmar län,2004-02-01,23,84
77,Kalmar län,2005-01-01,23,101
78,Kalmar län,2008-03-01,24,79
79,Kronobergs län,1995-11-01,18,10
80,Kronobergs län,1997-01-01,18,45
81,Kronobergs län,1997-11-01,18,2
82,Kronobergs län,1999-02-01,18,58
83,Kronobergs län,2004-11-01,17,26
84,Kronobergs län,2007-02-01,18,73
85,Kronobergs län,2008-10-01,19,1
86,Norrbottens län,2009-10-01,24,626
87,Norrbottens län,2010-11-01,25,1015
88,Norrbottens län,2011-10-01,26,25
89,Norrbottens län,2012-01-01,26,1225
90,Norrbottens län,2013-01-01,24,1141
91,Stockholms län,1997-03-01,173,10
92,Stockholms län,1998-12-01,176,72
93,Stockholms län,2000-10-01,176,3
94,Södermanlands län,2001-01-01,25,48
95,Södermanlands län,2004-03-01,25,45
96,Södermanlands län,2004-12-01,26,49
97,Södermanlands län,2007-03-01,27,43
98,Södermanlands län,2008-03-01,26,26
99,Södermanlands län,2009-12-01,27,151
100,Södermanlands län,2010-02-01,26,259
101,Södermanlands län,2010-03-01,26,191
102,Södermanlands län,2010-11-01,26,106
103,Uppsala län,1995-01-01,28,80
104,Uppsala län,1998-03-01,30,33
105,Uppsala län,1999-03-01,30,44
106,Uppsala län,2000-03-01,28,18
107,Uppsala län,2001-01-01,31,37
108,Uppsala län,2002-03-01,29,25
109,Uppsala län,2002-12-01,30,51
110,Uppsala län,2003-10-01,29,18
111,Uppsala län,2004-01-01,29,175
112,Uppsala län,2005-01-01,30,79
113,Uppsala län,2006-01-01,32,223
114,Uppsala län,2006-10-01,30,0
115,Uppsala län,2007-01-01,31,116
116,Uppsala län,2007-10-01,32,0
117,Uppsala län,2008-03-01,34,54
118,Uppsala län,2009-02-01,32,196
119,Uppsala län,2011-11-01,34,6
120,Uppsala län,2012-03-01,34,7
121,Uppsala län,2012-12-01,34,196
122,Uppsala län,2013-02-01,36,201
123,Värmlands län,1996-03-01,29,68
124,Värmlands län,2001-02-01,28,84
125,Värmlands län,2002-01-01,27,130
126,Värmlands län,2002-12-01,26,159
127,Värmlands län,2004-01-01,28,218
128,Värmlands län,2007-10-01,26,2
129,Värmlands län,2008-02-01,27,210
130,Värmlands län,2008-11-01,28,90
131,Värmlands län,2009-01-01,26,268
132,Värmlands län,2009-11-01,26,51
133,Värmlands län,2012-02-01,27,402
134,Västerbottens län,2010-12-01,26,935
135,Västerbottens län,2011-10-01,26,19
136,Västerbottens län,2012-01-01,26,989
137,Västerbottens län,2012-10-01,25,184
138,Västernorrlands län,1996-01-01,26,69
139,Västernorrlands län,1997-10-01,26,1
140,Västernorrlands län,2003-12-01,25,102
141,Västernorrlands län,2004-10-01,24,0
142,Västernorrlands län,2005-10-01,24,18
143,Västernorrlands län,2008-01-01,25,378
144,Västernorrlands län,2009-10-01,24,14
145,Västernorrlands län,2011-01-01,25,531
146,Västmanlands län,1995-01-01,27,77
147,Västmanlands län,1997-01-01,25,48
148,Västmanlands län,1999-01-01,27,70
149,Västmanlands län,1999-03-01,27,96
150,Västmanlands län,2001-12-01,26,64
151,Västmanlands län,2004-02-01,26,114
152,Västmanlands län,2005-10-01,27,9
153,Västmanlands län,2008-02-01,25,74
154,Västmanlands län,2011-11-01,25,4
155,Västra Götalands län,1996-11-01,145,63
156,Västra Götalands län,1996-12-01,153,349
157,Västra Götalands län,1997-02-01,149,177
158,Västra Götalands län,1998-10-01,146,5
159,Västra Götalands län,1999-01-01,153,195
160,Västra Götalands län,2000-01-01,145,138
161,Örebro län,1995-02-01,29,111
162,Örebro län,1995-12-01,29,94
163,Örebro län,2004-03-01,27,112
164,Örebro län,2006-01-01,27,208
165,Örebro län,2008-01-01,29,87
166,Örebro län,2009-02-01,28,255
167,Örebro län,2010-01-01,29,358
168,Örebro län,2010-11-01,29,133
169,Örebro län,2011-03-01,28,235
170,Östergötlands län,1996-03-01,43,45
171,Östergötlands län,1996-10-01,43,0
172,Östergötlands län,1996-12-01,42,143
173,Östergötlands län,2002-02-01,43,58
174,Östergötlands län,2006-03-01,42,365
175,Östergötlands län,2006-10-01,42,8
176,Östergötlands län,2009-10-01,42,8
177,Östergötlands län,2010-10-01,42,6
178,Östergötlands län,2014-10-01,42,1
179,Blekinge län,1997-10-01,16,0
180,Blekinge län,1997-12-01,16,0
181,Blekinge län,1998-02-01,16,3
182,Blekinge län,1998-11-01,16,4
183,Blekinge län,2003-03-01,16,9
184,Blekinge län,2007-02-01,16,34
185,Blekinge län,2012-12-01,17,97
186,Blekinge län,2013-01-01,17,78
187,Blekinge län,2014-10-01,17,0
188,Dalarnas län,1996-02-01,31,156
189,Dalarnas län,1999-12-01,31,198
190,Dalarnas län,2000-03-01,31,137
191,Dalarnas län,2001-01-01,30,298
192,Dalarnas län,2007-10-01,31,7
193,Dalarnas län,2008-12-01,30,439
194,Dalarnas län,2009-03-01,31,535
195,Dalarnas län,2013-10-01,30,9
196,Gotlands län,2009-01-01,6,71
197,Gävleborgs län,1995-11-01,31,58
198,Gävleborgs län,1996-03-01,31,19
199,Gävleborgs län,1998-11-01,32,108
200,Gävleborgs län,2000-11-01,32,2
201,Gävleborgs län,2004-12-01,31,214
202,Gävleborgs län,2005-12-01,31,322
203,Gävleborgs län,2006-03-01,30,489
204,Gävleborgs län,2007-12-01,29,236
205,Gävleborgs län,2011-11-01,31,17
206,Gävleborgs län,2014-11-01,31,13
207,Jämtlands län,1999-10-01,14,13
208,Jämtlands län,2011-12-01,14,853
209,Jämtlands län,2014-11-01,14,229
210,Jönköpings län,1995-02-01,34,76
211,Jönköpings län,1995-10-01,35,0
212,Jönköpings län,1997-01-01,35,84
213,Jönköpings län,2001-02-01,36,100
214,Jönköpings län,2004-11-01,37,115
215,Jönköpings län,2006-01-01,36,334
216,Jönköpings län,2006-03-01,35,361
217,Jönköpings län,2007-10-01,35,0
218,Jönköpings län,2011-02-01,37,342
219,Jönköpings län,2011-03-01,37,233
220,Kalmar län,1999-11-01,27,46
221,Kalmar län,2000-01-01,25,47
222,Kalmar län,2000-03-01,26,43
223,Kalmar län,2012-01-01,26,208
224,Kalmar län,2012-02-01,25,373
225,Kalmar län,2014-01-01,25,230
226,Kronobergs län,1996-11-01,20,9
227,Kronobergs län,1998-11-01,20,45
228,Kronobergs län,2000-03-01,20,11
229,Kronobergs län,2002-01-01,20,35
230,Kronobergs län,2013-01-01,21,144
231,Kronobergs län,2014-02-01,21,49
232,Norrbottens län,2005-10-01,27,155
233,Stockholms län,1998-03-01,196,49
234,Stockholms län,1999-01-01,199,69
235,Stockholms län,1999-03-01,190,54
236,Stockholms län,1999-12-01,204,114
237,Södermanlands län,1995-01-01,28,118
238,Södermanlands län,1995-02-01,28,47
239,Södermanlands län,1996-12-01,28,81
240,Södermanlands län,1998-03-01,28,56
241,Södermanlands län,1999-01-01,29,61
242,Södermanlands län,2000-01-01,29,27
243,Södermanlands län,2005-11-01,28,15
244,Södermanlands län,2007-11-01,29,44
245,Uppsala län,1999-02-01,33,50
246,Uppsala län,2000-12-01,31,11
247,Uppsala län,2004-11-01,34,86
248,Uppsala län,2005-03-01,33,174
249,Uppsala län,2007-11-01,36,54
250,Uppsala län,2008-01-01,36,40
251,Uppsala län,2008-02-01,36,26
252,Uppsala län,2010-10-01,38,1
253,Uppsala län,2010-11-01,36,100
254,Uppsala län,2011-10-01,38,1
255,Uppsala län,2012-10-01,36,2
256,Uppsala län,2013-01-01,39,173
257,Uppsala län,2014-01-01,39,130
258,Uppsala län,2014-12-01,39,45
259,Värmlands län,1995-02-01,30,80
260,Värmlands län,1998-03-01,30,93
261,Värmlands län,2000-02-01,31,88
262,Värmlands län,2002-02-01,31,84
263,Värmlands län,2003-11-01,31,53
264,Värmlands län,2004-12-01,31,199
265,Värmlands län,2005-03-01,30,292
266,Värmlands län,2006-02-01,29,356
267,Värmlands län,2007-01-01,30,243
268,Västerbottens län,2014-10-01,30,152
269,Västernorrlands län,1995-12-01,29,72
270,Västernorrlands län,1999-11-01,27,38
271,Västernorrlands län,2002-10-01,28,20
272,Västernorrlands län,2004-11-01,27,124
273,Västernorrlands län,2007-11-01,27,307
274,Västernorrlands län,2007-12-01,27,342
275,Västernorrlands län,2009-02-01,26,482
276,Västernorrlands län,2013-11-01,26,52
277,Västernorrlands län,2013-12-01,26,184
278,Västmanlands län,1996-01-01,29,3
279,Västmanlands län,1997-11-01,29,32
280,Västmanlands län,2000-01-01,28,84
281,Västmanlands län,2000-02-01,28,59
282,Västmanlands län,2002-01-01,28,71
283,Västmanlands län,2007-10-01,28,3
284,Västmanlands län,2010-03-01,27,202
285,Västmanlands län,2012-12-01,28,217
286,Västra Götalands län,1997-11-01,159,38
287,Västra Götalands län,1997-12-01,164,172
288,Västra Götalands län,1999-11-01,161,23
289,Västra Götalands län,1999-12-01,168,329
290,Västra Götalands län,2000-10-01,163,1
291,Västra Götalands län,2007-03-01,164,103
292,Örebro län,1996-03-01,31,79
293,Örebro län,1997-02-01,30,69
294,Örebro län,2004-11-01,29,89
295,Örebro län,2004-12-01,31,66
296,Örebro län,2008-10-01,31,6
297,Örebro län,2009-01-01,32,118
298,Örebro län,2010-03-01,30,314
299,Örebro län,2012-02-01,30,189
300,Örebro län,2012-03-01,31,25
301,Örebro län,2013-12-01,32,55
302,Örebro län,2014-01-01,32,242
303,Östergötlands län,1995-03-01,46,32
304,Östergötlands län,1997-02-01,44,69
305,Östergötlands län,1997-10-01,46,2
306,Östergötlands län,2003-12-01,47,52
307,Östergötlands län,2004-03-01,45,66
308,Östergötlands län,2005-11-01,46,42
309,Östergötlands län,2006-11-01,46,66
310,Östergötlands län,2012-02-01,46,357
311,Östergötlands län,2014-12-01,50,129
312,Blekinge län,1995-10-01,19,0
313,Blekinge län,1998-03-01,18,3
314,Blekinge län,1999-10-01,18,0
315,Blekinge län,2001-12-01,18,4
316,Blekinge län,2005-02-01,18,43
317,Blekinge län,2010-12-01,19,76
318,Blekinge län,2011-03-01,19,15
319,Blekinge län,2011-12-01,19,0
320,Blekinge län,2013-11-01,18,0
321,Dalarnas län,2003-03-01,33,211
322,Dalarnas län,2004-10-01,34,0
323,Dalarnas län,2008-01-01,34,358
324,Dalarnas län,2010-01-01,33,469
325,Dalarnas län,2010-11-01,34,303
326,Dalarnas län,2011-01-01,32,494
327,Dalarnas län,2012-03-01,32,216
328,Dalarnas län,2013-12-01,34,236
329,Dalarnas län,2014-01-01,32,439
330,Gotlands län,1997-12-01,7,31
331,Gotlands län,2000-11-01,7,4
332,Gotlands län,2003-12-01,7,32
333,Gotlands län,2004-02-01,7,47
334,Gotlands län,2004-10-01,7,0
335,Gotlands län,2005-01-01,7,76
336,Gävleborgs län,1998-10-01,33,2
337,Gävleborgs län,2000-10-01,34,4
338,Gävleborgs län,2004-03-01,32,116
339,Gävleborgs län,2004-10-01,32,0
340,Gävleborgs län,2006-02-01,32,418
341,Gävleborgs län,2008-02-01,34,334
342,Gävleborgs län,2008-11-01,33,149
343,Gävleborgs län,2009-12-01,32,328
344,Gävleborgs län,2010-11-01,32,344
345,Gävleborgs län,2012-10-01,33,27
346,Gävleborgs län,2012-11-01,34,45
347,Hallands län,2006-03-01,35,209
348,Hallands län,2007-03-01,34,1
349,Jämtlands län,2008-12-01,15,942
350,Jämtlands län,2011-01-01,15,897
351,Jämtlands län,2014-12-01,15,634
352,Jönköpings län,1999-02-01,39,80
353,Jönköpings län,2000-02-01,38,35
354,Jönköpings län,2004-02-01,38,107
355,Jönköpings län,2005-11-01,41,62
356,Jönköpings län,2012-12-01,42,384
357,Jönköpings län,2014-03-01,42,3
358,Kalmar län,2000-02-01,29,26
359,Kalmar län,2003-02-01,27,185
360,Kalmar län,2007-11-01,29,51
361,Kalmar län,2010-02-01,28,416
362,Kalmar län,2010-03-01,29,330
363,Kalmar län,2011-01-01,29,444
364,Kalmar län,2012-11-01,28,11
365,Kalmar län,2014-10-01,28,10
366,Kronobergs län,1995-10-01,21,0
367,Kronobergs län,2002-03-01,22,5
368,Kronobergs län,2004-01-01,21,63
369,Kronobergs län,2005-02-01,21,84
370,Kronobergs län,2008-02-01,21,4
371,Kronobergs län,2008-03-01,21,68
372,Norrbottens län,2011-01-01,31,1188
373,Norrbottens län,2011-11-01,30,223
374,Norrbottens län,2013-10-01,31,312
375,Norrbottens län,2014-11-01,30,826
376,Stockholms län,1998-02-01,218,38
377,Stockholms län,1999-10-01,210,1
378,Stockholms län,2001-10-01,227,2
379,Stockholms län,2001-11-01,226,30
380,Stockholms län,2001-12-01,216,59
381,Södermanlands län,1997-01-01,31,62
382,Södermanlands län,2003-02-01,31,153
383,Södermanlands län,2008-10-01,31,0
384,Södermanlands län,2011-10-01,32,1
385,Södermanlands län,2011-11-01,33,0
386,Södermanlands län,2013-03-01,33,230
387,Uppsala län,1999-10-01,35,0
388,Uppsala län,2000-01-01,35,37
389,Uppsala län,2000-10-01,36,0
390,Uppsala län,2003-01-01,36,67
391,Uppsala län,2005-12-01,35,125
392,Uppsala län,2009-03-01,40,170
393,Uppsala län,2014-10-01,43,0
394,Värmlands län,1999-01-01,32,113
395,Värmlands län,1999-12-01,33,122
396,Värmlands län,2003-01-01,33,182
397,Värmlands län,2003-02-01,33,138
398,Värmlands län,2007-12-01,32,153
399,Värmlands län,2010-12-01,33,497
400,Värmlands län,2011-03-01,34,390
401,Västerbottens län,2003-11-01,30,160
402,Västerbottens län,2004-11-01,31,316
403,Västernorrlands län,2001-01-01,30,115
404,Västernorrlands län,2001-11-01,30,46
405,Västernorrlands län,2003-03-01,29,80
406,Västernorrlands län,2003-10-01,29,12
407,Västernorrlands län,2003-11-01,29,50
408,Västernorrlands län,2004-12-01,30,312
409,Västernorrlands län,2005-11-01,29,64
410,Västernorrlands län,2006-03-01,29,449
411,Västernorrlands län,2007-02-01,29,439
412,Västernorrlands län,2011-11-01,30,23
413,Västernorrlands län,2012-10-01,30,41
414,Västmanlands län,1996-03-01,32,3
415,Västmanlands län,2000-03-01,32,59
416,Västmanlands län,2002-02-01,32,68
417,Västmanlands län,2003-01-01,30,65
418,Västmanlands län,2003-03-01,32,42
419,Västmanlands län,2003-10-01,30,10
420,Västmanlands län,2004-01-01,30,131
421,Västmanlands län,2005-12-01,32,136
422,Västmanlands län,2006-01-01,31,181
423,Västmanlands län,2009-03-01,29,169
424,Västmanlands län,2012-03-01,31,47
425,Västmanlands län,2014-01-01,31,159
426,Västra Götalands län,1999-10-01,175,0
427,Västra Götalands län,2000-11-01,184,4
428,Västra Götalands län,2000-12-01,178,105
429,Västra Götalands län,2001-10-01,179,1
430,Västra Götalands län,2006-02-01,190,896
431,Västra Götalands län,2010-02-01,182,1078
432,Örebro län,1995-01-01,34,236
433,Örebro län,1996-01-01,32,85
434,Örebro län,1997-01-01,33,130
435,Örebro län,1998-01-01,32,168
436,Örebro län,1998-03-01,33,96
437,Örebro län,1999-01-01,34,130
438,Örebro län,2005-02-01,33,121
439,Örebro län,2005-11-01,32,31
440,Örebro län,2007-12-01,33,4
441,Örebro län,2010-02-01,33,315
442,Örebro län,2010-12-01,33,315
443,Örebro län,2011-01-01,33,332
444,Örebro län,2011-12-01,35,96
445,Östergötlands län,1995-01-01,49,160
446,Östergötlands län,1998-02-01,50,55
447,Östergötlands län,1999-02-01,48,79
448,Östergötlands län,2000-01-01,51,39
449,Östergötlands län,2001-11-01,50,23
450,Östergötlands län,2002-11-01,51,34
451,Östergötlands län,2005-10-01,48,8
452,Östergötlands län,2008-10-01,49,4
453,Östergötlands län,2011-01-01,52,433
454,Östergötlands län,2011-11-01,52,5
455,Östergötlands län,2014-03-01,51,59
456,Blekinge län,1997-01-01,19,8
457,Blekinge län,1998-01-01,20,4
458,Blekinge län,1999-02-01,20,17
459,Blekinge län,2000-01-01,19,2
460,Blekinge län,2001-01-01,20,1
461,Blekinge län,2012-01-01,20,38
462,Blekinge län,2012-03-01,20,0
463,Dalarnas län,2012-01-01,37,507
464,Dalarnas län,2012-02-01,35,509
465,Dalarnas län,2013-02-01,36,503
466,Dalarnas län,2014-03-01,36,261
467,Gävleborgs län,1995-10-01,37,0
468,Gävleborgs län,2001-03-01,35,169
469,Gävleborgs län,2002-10-01,35,7
470,Gävleborgs län,2003-03-01,36,74
471,Gävleborgs län,2003-12-01,36,132
472,Gävleborgs län,2009-10-01,36,3
473,Gävleborgs län,2010-03-01,37,534
474,Gävleborgs län,2014-01-01,36,435
475,Gävleborgs län,2014-02-01,37,373
476,Gävleborgs län,2014-03-01,36,202
477,Hallands län,1997-02-01,35,38
478,Jämtlands län,2009-01-01,16,923
479,Jämtlands län,2009-10-01,16,152
480,Jämtlands län,2010-01-01,17,936
481,Jönköpings län,1997-10-01,41,2
482,Jönköpings län,1998-12-01,44,124
483,Jönköpings län,2001-12-01,42,100
484,Jönköpings län,2003-01-01,43,85
485,Jönköpings län,2004-03-01,42,78
486,Jönköpings län,2004-10-01,43,0
487,Jönköpings län,2009-01-01,44,116
488,Jönköpings län,2009-02-01,42,332
489,Jönköpings län,2009-03-01,44,179
490,Jönköpings län,2012-03-01,43,22
491,Jönköpings län,2014-12-01,44,92
492,Kalmar län,1999-12-01,32,97
493,Kalmar län,2001-02-01,30,89
494,Kalmar län,2002-12-01,31,180
495,Kalmar län,2004-12-01,31,68
496,Kalmar län,2010-11-01,30,102
497,Kronobergs län,1997-12-01,23,2
498,Kronobergs län,2000-01-01,23,15
499,Kronobergs län,2004-12-01,24,19
500,Kronobergs län,2006-01-01,24,159
501,Kronobergs län,2007-01-01,24,40
502,Kronobergs län,2007-03-01,23,6
503,Kronobergs län,2012-02-01,25,170
504,Norrbottens län,2014-12-01,32,1022
505,Skåne län,1996-03-01,145,31
506,Skåne län,2001-03-01,147,58
507,Stockholms län,1996-03-01,231,29
508,Stockholms län,1997-01-01,221,80
509,Stockholms län,1998-10-01,237,4
510,Stockholms län,1998-11-01,231,61
511,Stockholms län,2000-11-01,235,6
512,Stockholms län,2002-01-01,247,90
513,Stockholms län,2002-02-01,238,49
514,Stockholms län,2002-10-01,246,3
515,Södermanlands län,1996-02-01,34,46
516,Södermanlands län,1998-02-01,34,42
517,Södermanlands län,1999-03-01,33,67
518,Södermanlands län,2002-10-01,33,3
519,Södermanlands län,2004-01-01,33,159
520,Södermanlands län,2008-01-01,34,41
521,Södermanlands län,2008-02-01,34,14
522,Södermanlands län,2008-11-01,35,24
523,Södermanlands län,2011-02-01,35,152
524,Södermanlands län,2013-01-01,35,268
525,Södermanlands län,2014-01-01,35,221
526,Uppsala län,1996-01-01,37,0
527,Uppsala län,1997-12-01,37,32
528,Uppsala län,2008-12-01,43,42
529,Uppsala län,2011-03-01,43,203
530,Uppsala län,2012-11-01,44,12
531,Uppsala län,2013-10-01,43,0
532,Värmlands län,1999-03-01,35,131
533,Värmlands län,2000-10-01,37,4
534,Värmlands län,2001-12-01,35,99
535,Värmlands län,2003-03-01,35,104
536,Värmlands län,2009-10-01,35,10
537,Värmlands län,2010-10-01,35,17
538,Värmlands län,2014-01-01,37,393
539,Värmlands län,2014-12-01,35,248
540,Västerbottens län,2009-11-01,34,479
541,Västernorrlands län,1998-11-01,32,157
542,Västernorrlands län,2002-12-01,33,115
543,Västernorrlands län,2010-10-01,32,32
544,Västernorrlands län,2012-11-01,31,53
545,Västernorrlands län,2014-02-01,31,447
546,Västernorrlands län,2014-10-01,31,4
547,Västmanlands län,1996-12-01,34,67
548,Västmanlands län,1998-03-01,33,36
549,Västmanlands län,2004-12-01,33,115
550,Västmanlands län,2006-10-01,34,7
551,Västmanlands län,2010-12-01,33,211
552,Västmanlands län,2013-12-01,34,70
553,Västmanlands län,2014-03-01,35,61
554,Västra Götalands län,2005-03-01,195,443
555,Örebro län,1996-02-01,35,118
556,Örebro län,1996-12-01,37,149
557,Örebro län,2002-02-01,36,94
558,Örebro län,2005-01-01,36,71
559,Örebro län,2005-10-01,36,10
560,Örebro län,2005-12-01,36,148
561,Örebro län,2007-01-01,37,100
562,Örebro län,2007-11-01,35,60
563,Örebro län,2009-11-01,35,4
564,Örebro län,2009-12-01,36,188
565,Örebro län,2014-02-01,36,184
566,Östergötlands län,1996-11-01,55,19
567,Östergötlands län,1997-11-01,55,29
568,Östergötlands län,2000-02-01,53,20
569,Östergötlands län,2001-10-01,54,0
570,Östergötlands län,2004-01-01,55,178
571,Östergötlands län,2004-11-01,53,103
572,Östergötlands län,2005-01-01,56,125
573,Östergötlands län,2010-12-01,54,357
574,Östergötlands län,2012-03-01,56,70
575,Östergötlands län,2013-10-01,55,8
576,Östergötlands län,2014-02-01,57,207
577,Blekinge län,1998-10-01,21,0
578,Blekinge län,2003-12-01,21,0
579,Blekinge län,2005-10-01,21,0
580,Blekinge län,2005-11-01,21,9
581,Blekinge län,2009-01-01,22,9
582,Blekinge län,2009-02-01,22,32
583,Blekinge län,2014-01-01,22,52
584,Blekinge län,2014-02-01,21,30
585,Blekinge län,2014-11-01,22,0
586,Dalarnas län,2000-11-01,40,26
587,Dalarnas län,2000-12-01,39,93
588,Dalarnas län,2003-11-01,39,136
589,Dalarnas län,2004-11-01,40,181
590,Dalarnas län,2010-12-01,40,446
591,Gotlands län,1998-11-01,8,54
592,Gotlands län,2004-01-01,8,102
593,Gävleborgs län,2001-12-01,40,99
594,Gävleborgs län,2003-02-01,39,160
595,Gävleborgs län,2008-01-01,38,368
596,Gävleborgs län,2008-03-01,38,314
597,Gävleborgs län,2014-10-01,39,0
598,Hallands län,1998-03-01,37,28
599,Hallands län,1999-01-01,38,21
600,Hallands län,2006-02-01,41,186
601,Hallands län,2010-02-01,42,274
602,Jönköpings län,1998-01-01,45,75
603,Jönköpings län,1999-11-01,47,24
604,Jönköpings län,2002-01-01,46,140
605,Jönköpings län,2002-02-01,47,52
606,Jönköpings län,2003-10-01,45,2
607,Jönköpings län,2005-01-01,45,125
608,Jönköpings län,2010-10-01,48,10
609,Jönköpings län,2012-10-01,48,6
610,Jönköpings län,2013-03-01,49,322
611,Kalmar län,2003-10-01,32,6
612,Kalmar län,2003-12-01,33,21
613,Kalmar län,2005-02-01,32,203
614,Kalmar län,2009-02-01,32,208
615,Kalmar län,2013-02-01,33,394
616,Kronobergs län,1996-12-01,25,62
617,Kronobergs län,1999-03-01,25,14
618,Kronobergs län,1999-12-01,25,42
619,Kronobergs län,2002-10-01,24,4
620,Stockholms län,1996-01-01,237,58
621,Stockholms län,1996-02-01,239,60
622,Stockholms län,1997-02-01,242,36
623,Stockholms län,1999-11-01,260,15
624,Stockholms län,2003-02-01,253,140
625,Stockholms län,2006-10-01,265,13
626,Södermanlands län,1999-02-01,37,75
627,Södermanlands län,2003-01-01,36,92
628,Södermanlands län,2004-11-01,36,99
629,Södermanlands län,2006-12-01,37,2
630,Södermanlands län,2010-01-01,39,290
631,Södermanlands län,2010-10-01,39,2
632,Södermanlands län,2011-12-01,37,61
633,Södermanlands län,2012-10-01,38,1
634,Södermanlands län,2013-11-01,40,0
635,Södermanlands län,2014-02-01,38,111
636,Södermanlands län,2014-03-01,39,18
637,Uppsala län,1995-11-01,40,2
638,Uppsala län,1996-10-01,39,0
639,Uppsala län,1998-02-01,42,29
640,Uppsala län,1998-12-01,41,55
641,Uppsala län,1999-12-01,40,61
642,Uppsala län,2001-12-01,41,32
643,Uppsala län,2006-12-01,43,2
644,Uppsala län,2007-12-01,45,2
645,Uppsala län,2009-12-01,47,135
646,Värmlands län,1997-11-01,39,53
647,Värmlands län,2005-01-01,38,173
648,Värmlands län,2006-12-01,38,20
649,Värmlands län,2007-11-01,39,105
650,Värmlands län,2008-10-01,39,5
651,Värmlands län,2010-11-01,38,257
652,Värmlands län,2011-10-01,38,2
653,Värmlands län,2012-10-01,39,36
654,Värmlands län,2012-11-01,39,67
655,Värmlands län,2012-12-01,38,491
656,Värmlands län,2013-03-01,39,457
657,Västerbottens län,2011-11-01,37,118
658,Västerbottens län,2013-11-01,37,574
659,Västernorrlands län,1998-10-01,36,7
660,Västernorrlands län,1999-01-01,34,202
661,Västernorrlands län,2000-11-01,34,12
662,Västernorrlands län,2001-10-01,35,1
663,Västernorrlands län,2006-10-01,33,78
664,Västernorrlands län,2009-01-01,33,479
665,Västernorrlands län,2010-11-01,33,333
666,Västernorrlands län,2011-10-01,34,1
667,Västmanlands län,1996-10-01,37,1
668,Västmanlands län,2001-10-01,37,1
669,Västmanlands län,2002-10-01,37,4
670,Västmanlands län,2003-12-01,37,77
671,Västmanlands län,2007-11-01,34,86
672,Västmanlands län,2010-02-01,36,189
673,Västmanlands län,2011-01-01,35,196
674,Västmanlands län,2012-02-01,35,164
675,Västmanlands län,2013-01-01,35,200
676,Västra Götalands län,2001-12-01,207,236
677,Västra Götalands län,2006-03-01,212,932
678,Västra Götalands län,2007-01-01,211,265
679,Västra Götalands län,2010-03-01,219,850
680,Västra Götalands län,2014-03-01,234,27
681,Örebro län,1997-10-01,39,0
682,Örebro län,1997-11-01,38,73
683,Örebro län,2002-01-01,38,173
684,Örebro län,2002-03-01,38,107
685,Örebro län,2003-01-01,37,184
686,Örebro län,2006-11-01,39,20
687,Östergötlands län,1999-10-01,56,0
688,Östergötlands län,2003-10-01,60,8
689,Östergötlands län,2009-12-01,61,296
690,Östergötlands län,2010-11-01,61,198
691,Östergötlands län,2012-11-01,60,42
692,Östergötlands län,2013-11-01,61,39
693,Blekinge län,1995-01-01,23,10
694,Blekinge län,1999-01-01,23,9
695,Blekinge län,2000-10-01,22,0
696,Blekinge län,2003-01-01,23,11
697,Blekinge län,2005-12-01,22,16
698,Blekinge län,2006-11-01,23,0
699,Blekinge län,2007-01-01,22,14
700,Dalarnas län,1995-10-01,43,2
701,Dalarnas län,2000-10-01,42,12
702,Dalarnas län,2008-11-01,42,222
703,Dalarnas län,2012-11-01,41,78
704,Dalarnas län,2014-12-01,42,297
705,Gävleborgs län,1999-11-01,43,27
706,Gävleborgs län,2009-11-01,42,22
707,Gävleborgs län,2013-12-01,42,248
708,Hallands län,1996-02-01,41,21
709,Hallands län,2008-03-01,45,64
710,Hallands län,2013-01-01,45,134
711,Jönköpings län,2007-11-01,50,86
712,Jönköpings län,2008-01-01,51,94
713,Jönköpings län,2008-02-01,51,31
714,Jönköpings län,2014-01-01,50,235
715,Kalmar län,1997-12-01,37,33
716,Kalmar län,2002-01-01,36,134
717,Kalmar län,2002-02-01,36,40
718,Kalmar län,2005-12-01,34,131
719,Kalmar län,2006-12-01,34,31
720,Kalmar län,2008-01-01,34,72
721,Kalmar län,2008-10-01,34,2
722,Kalmar län,2009-03-01,35,69
723,Kalmar län,2011-03-01,34,158
724,Kalmar län,2012-10-01,36,7
725,Kalmar län,2014-11-01,36,2
726,Kronobergs län,1999-01-01,27,31
727,Kronobergs län,1999-11-01,27,5
728,Kronobergs län,2000-12-01,27,11
729,Kronobergs län,2001-11-01,26,9
730,Kronobergs län,2003-03-01,27,9
731,Kronobergs län,2009-02-01,27,122
732,Kronobergs län,2011-02-01,28,127
733,Norrbottens län,2014-10-01,37,231
734,Skåne län,1999-02-01,171,130
735,Skåne län,1999-10-01,172,0
736,Skåne län,2001-02-01,172,59
737,Stockholms län,1997-10-01,266,4
738,Stockholms län,1998-01-01,263,56
739,Stockholms län,2000-12-01,267,40
740,Stockholms län,2002-03-01,273,63
741,Stockholms län,2002-11-01,285,72
742,Stockholms län,2003-03-01,280,57
743,Södermanlands län,1997-02-01,39,25
744,Södermanlands län,2003-10-01,40,1
745,Södermanlands län,2005-01-01,40,19
746,Södermanlands län,2008-12-01,41,38
747,Södermanlands län,2009-03-01,39,83
748,Södermanlands län,2010-12-01,41,239
749,Södermanlands län,2012-12-01,40,345
750,Uppsala län,1995-10-01,43,0
751,Uppsala län,1995-12-01,44,0
752,Uppsala län,1996-02-01,43,0
753,Uppsala län,1997-03-01,44,5
754,Uppsala län,1999-01-01,44,41
755,Uppsala län,2002-01-01,45,59
756,Uppsala län,2002-02-01,46,29
757,Uppsala län,2010-12-01,50,175
758,Uppsala län,2012-02-01,50,196
759,Uppsala län,2013-11-01,50,0
760,Värmlands län,1995-11-01,42,72
761,Värmlands län,1997-10-01,41,4
762,Värmlands län,1998-12-01,42,104
763,Värmlands län,2003-10-01,41,6
764,Värmlands län,2004-10-01,40,0
765,Värmlands län,2005-02-01,41,233
766,Värmlands län,2008-12-01,41,256
767,Värmlands län,2013-01-01,40,407
768,Värmlands län,2013-10-01,41,2
769,Värmlands län,2014-10-01,42,3
770,Värmlands län,2014-11-01,40,21
771,Västerbottens län,2014-12-01,38,771
772,Västernorrlands län,2000-10-01,36,11
773,Västmanlands län,1996-02-01,40,3
774,Västmanlands län,1997-10-01,38,4
775,Västmanlands län,1997-12-01,39,66
776,Västmanlands län,1998-10-01,39,6
777,Västmanlands län,1998-11-01,39,67
778,Västmanlands län,1999-10-01,39,1
779,Västmanlands län,2002-03-01,40,68
780,Västmanlands län,2005-01-01,38,84
781,Västmanlands län,2005-11-01,38,42
782,Västmanlands län,2006-11-01,38,70
783,Västmanlands län,2008-10-01,38,3
784,Västmanlands län,2008-12-01,38,134
785,Västmanlands län,2014-10-01,40,3
786,Västmanlands län,2014-12-01,40,75
787,Västra Götalands län,2004-03-01,231,167
788,Västra Götalands län,2004-10-01,234,0
789,Västra Götalands län,2005-02-01,223,366
790,Västra Götalands län,2007-10-01,228,1
791,Västra Götalands län,2009-03-01,232,285
792,Örebro län,1998-11-01,41,140
793,Örebro län,1999-10-01,40,0
794,Örebro län,1999-12-01,41,203
795,Örebro län,2002-12-01,41,240
796,Örebro län,2007-10-01,41,0
797,Örebro län,2011-10-01,43,0
798,Örebro län,2013-01-01,42,257
799,Östergötlands län,1996-01-01,61,67
800,Östergötlands län,1997-01-01,62,116
801,Östergötlands län,2001-01-01,60,71
802,Östergötlands län,2002-01-01,62,120
803,Östergötlands län,2004-10-01,62,10
804,Östergötlands län,2014-11-01,65,43
805,Blekinge län,1998-12-01,24,10
806,Blekinge län,2008-03-01,24,13
807,Blekinge län,2010-11-01,25,29
808,Blekinge län,2013-10-01,24,0
809,Dalarnas län,2002-11-01,43,291
810,Dalarnas län,2006-10-01,45,31
811,Dalarnas län,2008-10-01,45,18
812,Dalarnas län,2009-01-01,43,417
813,Gotlands län,1997-03-01,9,33
814,Gotlands län,2003-10-01,9,2
815,Gotlands län,2003-11-01,9,11
816,Gotlands län,2009-10-01,9,0
817,Gotlands län,2010-12-01,9,184
818,Gävleborgs län,2004-11-01,45,170
819,Gävleborgs län,2013-11-01,45,13
820,Hallands län,1995-12-01,44,26
821,Hallands län,1996-01-01,44,19
822,Hallands län,1996-11-01,43,3
823,Hallands län,1999-11-01,45,5
824,Hallands län,2000-02-01,45,5
825,Hallands län,2003-02-01,46,95
826,Hallands län,2006-01-01,46,174
827,Hallands län,2008-01-01,48,7
828,Hallands län,2012-12-01,49,128
829,Jönköpings län,1997-11-01,49,7
830,Jönköpings län,2000-01-01,54,62
831,Jönköpings län,2000-11-01,52,0
832,Jönköpings län,2002-11-01,51,23
833,Jönköpings län,2002-12-01,54,128
834,Kalmar län,2003-01-01,38,108
835,Kalmar län,2003-11-01,38,0
836,Kalmar län,2004-01-01,38,224
837,Kalmar län,2009-01-01,37,105
838,Kalmar län,2014-02-01,37,145
839,Kalmar län,2014-12-01,37,90
840,Kronobergs län,1997-03-01,28,2
841,Kronobergs län,2003-10-01,28,1
842,Kronobergs län,2005-03-01,29,100
843,Kronobergs län,2012-03-01,30,6
844,Kronobergs län,2014-10-01,31,0
845,Skåne län,1996-02-01,177,58
846,Skåne län,1998-02-01,175,26
847,Skåne län,1998-03-01,181,41
848,Skåne län,2001-01-01,181,24
849,Stockholms län,1996-10-01,271,0
850,Stockholms län,1996-11-01,278,38
851,Södermanlands län,1998-11-01,40,40
852,Södermanlands län,2000-10-01,42,1
853,Södermanlands län,2001-02-01,42,79
854,Södermanlands län,2007-12-01,43,17
855,Södermanlands län,2009-10-01,42,0
856,Södermanlands län,2012-11-01,44,14
857,Södermanlands län,2013-12-01,43,33
858,Södermanlands län,2014-11-01,44,7
859,Uppsala län,1995-03-01,46,21
860,Uppsala län,1997-10-01,47,3
861,Uppsala län,2000-11-01,46,0
862,Uppsala län,2004-12-01,48,56
863,Uppsala län,2013-12-01,56,29
864,Värmlands län,1998-11-01,45,91
865,Värmlands län,1999-02-01,45,102
866,Värmlands län,2001-11-01,43,65
867,Värmlands län,2003-12-01,44,116
868,Värmlands län,2008-01-01,43,230
869,Västerbottens län,2014-11-01,41,385
870,Västernorrlands län,2013-10-01,38,5
871,Västernorrlands län,2014-12-01,40,250
872,Västmanlands län,1995-02-01,43,47
873,Västmanlands län,1995-12-01,43,3
874,Västmanlands län,1999-12-01,40,115
875,Västmanlands län,2002-12-01,41,80
876,Västmanlands län,2010-01-01,41,193
877,Västmanlands län,2011-12-01,41,70
878,Västra Götalands län,1995-12-01,245,170
879,Västra Götalands län,2001-11-01,244,25
880,Västra Götalands län,2006-01-01,246,774
881,Västra Götalands län,2006-11-01,244,73
882,Västra Götalands län,2007-02-01,252,436
883,Västra Götalands län,2012-03-01,253,69
884,Örebro län,1995-03-01,45,124
885,Örebro län,1995-10-01,43,0
886,Örebro län,1995-11-01,44,58
887,Örebro län,1996-11-01,44,62
888,Örebro län,2000-01-01,44,84
889,Östergötlands län,1995-02-01,68,45
890,Östergötlands län,1998-11-01,65,40
891,Östergötlands län,1998-12-01,65,88
892,Östergötlands län,1999-03-01,65,51
893,Östergötlands län,2000-10-01,64,3
894,Östergötlands län,2006-12-01,65,31
895,Östergötlands län,2007-10-01,66,2
896,Blekinge län,2002-12-01,25,8
897,Blekinge län,2003-10-01,26,0
898,Blekinge län,2004-03-01,26,0
899,Blekinge län,2011-10-01,26,1
900,Blekinge län,2012-11-01,26,0
901,Blekinge län,2014-12-01,26,0
902,Dalarnas län,2011-03-01,46,481
903,Gotlands län,1995-11-01,10,9
904,Gotlands län,2012-03-01,10,25
905,Gävleborgs län,1996-02-01,49,48
906,Gävleborgs län,2002-11-01,46,146
907,Hallands län,1995-02-01,46,6
908,Hallands län,1995-03-01,45,9
909,Hallands län,1997-03-01,46,1
910,Hallands län,1998-02-01,47,15
911,Jönköpings län,2001-01-01,56,74
912,Jönköpings län,2004-12-01,57,114
913,Jönköpings län,2009-10-01,57,0
914,Jönköpings län,2011-01-01,57,424
915,Jönköpings län,2013-12-01,57,72
916,Kalmar län,2008-11-01,39,44
917,Kalmar län,2010-01-01,40,454
918,Kalmar län,2011-10-01,39,0
919,Kronobergs län,1997-02-01,30,29
920,Kronobergs län,2003-01-01,31,26
921,Kronobergs län,2005-01-01,30,24
922,Kronobergs län,2007-12-01,30,2
923,Kronobergs län,2009-03-01,31,31
924,Skåne län,1998-01-01,189,49
925,Skåne län,1998-10-01,188,0
926,Skåne län,1999-01-01,186,50
927,Skåne län,1999-03-01,192,26
928,Stockholms län,2003-01-01,314,107
929,Stockholms län,2003-10-01,309,6
930,Stockholms län,2003-11-01,311,17
931,Stockholms län,2005-03-01,319,186
932,Stockholms län,2006-03-01,325,251
933,Stockholms län,2007-02-01,325,214
934,Stockholms län,2007-03-01,333,99
935,Södermanlands län,1995-11-01,45,4
936,Södermanlands län,1996-11-01,44,35
937,Södermanlands län,1997-12-01,44,30
938,Södermanlands län,2000-11-01,44,1
939,Södermanlands län,2002-03-01,43,39
940,Södermanlands län,2009-01-01,45,62
941,Södermanlands län,2011-03-01,46,129
942,Södermanlands län,2012-01-01,47,108
943,Södermanlands län,2013-02-01,46,293
944,Uppsala län,1996-03-01,48,7
945,Uppsala län,1996-11-01,48,16
946,Uppsala län,1997-02-01,50,23
947,Värmlands län,1999-11-01,48,26
948,Värmlands län,2000-12-01,46,41
949,Värmlands län,2011-01-01,47,523
950,Västernorrlands län,2009-11-01,41,39
951,Västernorrlands län,2011-12-01,40,312
952,Västmanlands län,1998-01-01,44,73
953,Västmanlands län,2003-11-01,45,34
954,Västmanlands län,2009-01-01,42,128
955,Västmanlands län,2009-02-01,42,169
956,Västmanlands län,2009-12-01,42,144
957,Västmanlands län,2013-11-01,44,10
958,Västra Götalands län,1995-01-01,258,440
959,Västra Götalands län,2002-03-01,256,82
960,Västra Götalands län,2004-02-01,254,328
961,Västra Götalands län,2004-11-01,252,226
962,Västra Götalands län,2008-01-01,263,154
963,Västra Götalands län,2008-02-01,266,103
964,Västra Götalands län,2008-03-01,260,330
965,Västra Götalands län,2013-02-01,280,754
966,Västra Götalands län,2014-01-01,275,673
967,Örebro län,1996-10-01,48,0
968,Örebro län,2003-11-01,46,37
969,Örebro län,2006-10-01,46,2
970,Örebro län,2006-12-01,48,1
971,Örebro län,2013-10-01,49,1
972,Östergötlands län,1995-12-01,72,80
973,Östergötlands län,1997-12-01,70,34
974,Östergötlands län,2002-10-01,71,16
975,Östergötlands län,2003-03-01,72,40
976,Östergötlands län,2007-11-01,70,103
977,Östergötlands län,2008-12-01,73,143
978,Blekinge län,2006-12-01,27,0
979,Blekinge län,2007-10-01,27,0
980,Blekinge län,2008-01-01,27,0
981,Blekinge län,2009-03-01,28,1
982,Blekinge län,2010-01-01,27,104
983,Blekinge län,2010-03-01,28,67
984,Blekinge län,2013-12-01,28,9
985,Dalarnas län,2005-12-01,49,355
986,Dalarnas län,2009-10-01,49,3
987,Dalarnas län,2011-02-01,49,410
988,Gävleborgs län,2002-12-01,49,174
989,Hallands län,2001-03-01,50,34
990,Hallands län,2004-01-01,52,66
991,Jämtlands län,2009-11-01,23,225
992,Jönköpings län,2002-03-01,59,41
993,Jönköpings län,2014-10-01,63,0
994,Jönköpings län,2014-11-01,62,5
995,Kalmar län,2006-11-01,43,32
996,Kalmar län,2007-10-01,41,0
997,Kalmar län,2009-10-01,42,0
998,Kalmar län,2011-11-01,43,0
999,Kalmar län,2012-12-01,41,453
1000,Kalmar län,2014-03-01,43,34
1001,Kronobergs län,1998-01-01,32,23
1002,Kronobergs län,2010-02-01,33,279
1003,Kronobergs län,2012-10-01,34,0
1004,Kronobergs län,2013-02-01,34,194
1005,Kronobergs län,2014-01-01,33,116
1006,Norrbottens län,2009-11-01,46,843
1007,Skåne län,2000-12-01,200,43
1008,Stockholms län,2006-11-01,344,66
1009,Stockholms län,2006-12-01,351,58
1010,Stockholms län,2011-02-01,365,300
1011,Södermanlands län,1995-10-01,46,0
1012,Södermanlands län,2011-01-01,48,206
1013,Södermanlands län,2012-03-01,50,10
1014,Södermanlands län,2013-10-01,49,1
1015,Södermanlands län,2014-10-01,49,0
1016,Uppsala län,1997-01-01,53,40
1017,Uppsala län,1998-11-01,51,48
1018,Uppsala län,2001-10-01,52,0
1019,Uppsala län,2003-11-01,54,12
1020,Uppsala län,2003-12-01,53,86
1021,Uppsala län,2012-01-01,62,91
1022,Värmlands län,1995-10-01,50,1
1023,Värmlands län,1998-10-01,50,22
1024,Värmlands län,2004-11-01,50,151
1025,Värmlands län,2011-02-01,48,418
1026,Värmlands län,2014-03-01,49,183
1027,Västernorrlands län,2010-12-01,43,472
1028,Västmanlands län,1996-11-01,47,33
1029,Västmanlands län,2001-03-01,47,58
1030,Västmanlands län,2010-11-01,45,106
1031,Västmanlands län,2011-10-01,46,0
1032,Västmanlands län,2012-01-01,45,123
1033,Västmanlands län,2014-11-01,47,24
1034,Västra Götalands län,2002-02-01,269,128
1035,Västra Götalands län,2009-01-01,289,205
1036,Västra Götalands län,2009-02-01,284,682
1037,Västra Götalands län,2010-01-01,284,1159
1038,Västra Götalands län,2011-01-01,288,935
1039,Västra Götalands län,2011-03-01,280,346
1040,Örebro län,1999-02-01,48,90
1041,Örebro län,1999-03-01,50,158
1042,Örebro län,2000-02-01,49,85
1043,Örebro län,2000-03-01,49,50
1044,Örebro län,2001-01-01,50,185
1045,Örebro län,2003-10-01,50,8
1046,Östergötlands län,1999-01-01,76,60
1047,Östergötlands län,1999-11-01,75,10
1048,Östergötlands län,1999-12-01,75,99
1049,Östergötlands län,2000-03-01,74,39
1050,Östergötlands län,2000-12-01,73,32
1051,Blekinge län,2004-10-01,28,0
1052,Blekinge län,2004-11-01,28,0
1053,Dalarnas län,1999-11-01,54,67
1054,Gävleborgs län,2014-12-01,54,198
1055,Hallands län,1997-10-01,52,2
1056,Hallands län,1997-12-01,52,21
1057,Hallands län,1998-12-01,52,44
1058,Hallands län,1999-03-01,52,13
1059,Hallands län,2002-10-01,53,10
1060,Hallands län,2004-11-01,53,9
1061,Hallands län,2005-01-01,55,38
1062,Hallands län,2005-02-01,53,55
1063,Hallands län,2013-03-01,57,72
1064,Jämtlands län,2006-12-01,24,467
1065,Jönköpings län,1998-11-01,63,113
1066,Jönköpings län,2005-12-01,64,152
1067,Jönköpings län,2007-12-01,63,1
1068,Jönköpings län,2010-11-01,64,160
1069,Kalmar län,2007-12-01,44,5
1070,Kalmar län,2011-12-01,45,70
1071,Kalmar län,2012-03-01,44,36
1072,Kalmar län,2013-10-01,44,1
1073,Kronobergs län,2001-12-01,34,26
1074,Kronobergs län,2003-02-01,33,63
1075,Kronobergs län,2006-12-01,34,0
1076,Kronobergs län,2012-12-01,36,230
1077,Kronobergs län,2014-03-01,35,0
1078,Skåne län,1996-11-01,215,13
1079,Skåne län,2000-02-01,215,5
1080,Skåne län,2002-02-01,219,74
1081,Skåne län,2006-03-01,219,317
1082,Stockholms län,1995-02-01,323,32
1083,Stockholms län,1996-12-01,336,87
1084,Stockholms län,1997-11-01,327,37
1085,Stockholms län,2002-12-01,358,61
1086,Stockholms län,2005-02-01,349,169
1087,Stockholms län,2007-01-01,371,161
1088,Stockholms län,2008-03-01,374,126
1089,Södermanlands län,1996-03-01,48,26
1090,Södermanlands län,1998-01-01,50,72
1091,Södermanlands län,2001-12-01,49,74
1092,Södermanlands län,2006-10-01,51,13
1093,Uppsala län,1999-11-01,55,5
1094,Uppsala län,2009-11-01,61,1
1095,Värmlands län,2002-11-01,51,135
1096,Värmlands län,2005-12-01,53,233
1097,Värmlands län,2009-12-01,52,316
1098,Västernorrlands län,1998-12-01,47,161
1099,Västmanlands län,1997-02-01,49,21
1100,Västmanlands län,2004-10-01,49,0
1101,Västmanlands län,2007-12-01,47,73
1102,Västmanlands län,2008-11-01,47,54
1103,Västmanlands län,2009-11-01,47,20
1104,Västmanlands län,2012-11-01,49,27
1105,Västmanlands län,2013-02-01,50,188
1106,Västra Götalands län,1995-11-01,278,98
1107,Västra Götalands län,2003-03-01,291,103
1108,Västra Götalands län,2005-01-01,289,233
1109,Västra Götalands län,2005-10-01,288,15
1110,Västra Götalands län,2006-12-01,299,0
1111,Västra Götalands län,2007-11-01,288,106
1112,Västra Götalands län,2007-12-01,291,39
1113,Västra Götalands län,2011-02-01,294,678
1114,Västra Götalands län,2012-02-01,309,651
1115,Västra Götalands län,2012-10-01,309,6
1116,Västra Götalands län,2014-10-01,303,2
1117,Örebro län,2001-12-01,53,100
1118,Örebro län,2002-10-01,51,4
1119,Örebro län,2013-11-01,53,4
1120,Östergötlands län,2002-03-01,77,46
1121,Östergötlands län,2002-12-01,78,141
1122,Östergötlands län,2003-11-01,78,11
1123,Östergötlands län,2011-12-01,81,127
1124,Östergötlands län,2012-01-01,80,223
1125,Östergötlands län,2013-12-01,83,107
1126,Blekinge län,2012-02-01,3,91
1127,Gotlands län,1996-02-01,1,51
1128,Gotlands län,2000-01-01,1,60
1129,Gotlands län,2000-02-01,1,41
1130,Gotlands län,2001-12-01,1,74
1131,Gotlands län,2005-03-01,1,134
1132,Gotlands län,2005-10-01,1,2
1133,Gotlands län,2006-03-01,1,157
1134,Gotlands län,2006-10-01,1,5
1135,Gotlands län,2007-12-01,1,29
1136,Gotlands län,2008-10-01,1,0
1137,Gotlands län,2010-02-01,1,177
1138,Gotlands län,2011-02-01,1,135
1139,Gotlands län,2011-03-01,1,82
1140,Gotlands län,2012-01-01,1,76
1141,Gotlands län,2013-02-01,1,136
1142,Gotlands län,2014-10-01,1,0
1143,Gotlands län,2014-12-01,1,36
1144,Jämtlands län,1995-02-01,3,229
1145,Jämtlands län,1996-02-01,3,121
1146,Jämtlands län,1997-01-01,3,297
1147,Jämtlands län,1999-02-01,3,250
1148,Jämtlands län,1999-12-01,3,394
1149,Jämtlands län,2000-12-01,2,273
1150,Jämtlands län,2001-03-01,2,395
1151,Jämtlands län,2001-11-01,2,275
1152,Jämtlands län,2002-02-01,2,358
1153,Jämtlands län,2002-03-01,3,377
1154,Jämtlands län,2003-02-01,3,376
1155,Jämtlands län,2003-12-01,2,453
1156,Jämtlands län,2004-01-01,2,426
1157,Jämtlands län,2004-02-01,3,382
1158,Jämtlands län,2005-02-01,3,652
1159,Jämtlands län,2007-12-01,3,855
1160,Jämtlands län,2010-02-01,3,847
1161,Kronobergs län,1996-02-01,4,29
1162,Norrbottens län,1995-11-01,6,331
1163,Norrbottens län,1996-03-01,4,388
1164,Norrbottens län,1996-11-01,4,412
1165,Norrbottens län,1996-12-01,6,416
1166,Norrbottens län,1997-01-01,5,431
1167,Norrbottens län,1998-11-01,5,423
1168,Norrbottens län,2000-02-01,4,453
1169,Norrbottens län,2000-03-01,5,458
1170,Norrbottens län,2001-03-01,5,515
1171,Norrbottens län,2002-02-01,6,514
1172,Norrbottens län,2002-11-01,5,493
1173,Norrbottens län,2003-02-01,4,474
1174,Norrbottens län,2010-02-01,6,1069
1175,Norrbottens län,2012-12-01,6,1166
1176,Norrbottens län,2014-02-01,6,1032
1177,Norrbottens län,2014-03-01,4,1076
1178,Västerbottens län,1995-12-01,4,157
1179,Västerbottens län,1996-02-01,4,154
1180,Västerbottens län,1998-02-01,5,186
1181,Västerbottens län,2001-01-01,5,236
1182,Västerbottens län,2002-01-01,6,219
1183,Västerbottens län,2002-02-01,6,249
1184,Västerbottens län,2003-03-01,4,233
1185,Västerbottens län,2004-02-01,4,311
1186,Västerbottens län,2006-03-01,4,703
1187,Västerbottens län,2006-10-01,6,237
1188,Västerbottens län,2008-03-01,6,751
1189,Västerbottens län,2008-11-01,5,414
1190,Västerbottens län,2010-01-01,5,911
1191,Västerbottens län,2012-02-01,4,888
1192,Västerbottens län,2013-03-01,5,974
1193,Västernorrlands län,2012-02-01,5,431
1194,Västernorrlands län,2013-02-01,5,458
1195,Blekinge län,2004-01-01,30,34
1196,Blekinge län,2006-10-01,30,0
1197,Dalarnas län,2011-10-01,55,6
1198,Dalarnas län,2012-10-01,54,66
1199,Hallands län,1995-11-01,53,16
1200,Hallands län,1997-11-01,54,2
1201,Hallands län,1998-11-01,55,30
1202,Hallands län,1999-10-01,54,0
1203,Hallands län,2000-03-01,54,15
1204,Jönköpings län,1999-12-01,65,130
1205,Jönköpings län,2003-11-01,67,1
1206,Jönköpings län,2004-01-01,66,169
1207,Jönköpings län,2011-10-01,67,1
1208,Jönköpings län,2013-10-01,69,0
1209,Jönköpings län,2014-02-01,67,110
1210,Kalmar län,2004-11-01,46,87
1211,Kalmar län,2008-02-01,47,8
1212,Kalmar län,2010-12-01,47,373
1213,Skåne län,1995-10-01,227,0
1214,Skåne län,1996-01-01,218,54
1215,Skåne län,1997-01-01,223,74
1216,Skåne län,1997-03-01,222,3
1217,Skåne län,1997-12-01,220,13
1218,Stockholms län,2004-10-01,369,8
1219,Stockholms län,2005-01-01,381,127
1220,Stockholms län,2006-02-01,377,209
1221,Stockholms län,2008-02-01,396,69
1222,Stockholms län,2013-03-01,419,321
1223,Södermanlands län,1995-03-01,52,39
1224,Södermanlands län,1995-12-01,51,23
1225,Södermanlands län,2002-01-01,52,101
1226,Södermanlands län,2003-12-01,52,43
1227,Södermanlands län,2007-01-01,52,84
1228,Södermanlands län,2014-12-01,57,63
1229,Uppsala län,1996-12-01,58,51
1230,Uppsala län,1997-11-01,58,21
1231,Uppsala län,2009-10-01,67,0
1232,Värmlands län,2006-11-01,55,94
1233,Västmanlands län,1997-03-01,53,15
1234,Västmanlands län,2008-01-01,50,100
1235,Västmanlands län,2008-03-01,49,78
1236,Västra Götalands län,1995-03-01,303,128
1237,Västra Götalands län,2002-12-01,303,396
1238,Västra Götalands län,2003-02-01,307,366
1239,Västra Götalands län,2004-01-01,302,557
1240,Västra Götalands län,2008-10-01,304,2
1241,Västra Götalands län,2009-10-01,311,1
1242,Örebro län,1997-03-01,56,16
1243,Örebro län,1997-12-01,55,172
1244,Örebro län,2000-11-01,55,0
1245,Örebro län,2010-10-01,57,5
1246,Örebro län,2014-03-01,58,28
1247,Östergötlands län,1995-11-01,83,40
1248,Blekinge län,2004-12-01,31,3
1249,Dalarnas län,2005-10-01,58,51
1250,Hallands län,1996-12-01,57,31
1251,Hallands län,2003-01-01,58,33
1252,Hallands län,2006-10-01,60,0
1253,Hallands län,2007-02-01,62,47
1254,Hallands län,2007-10-01,62,0
1255,Hallands län,2012-10-01,65,0
1256,Jönköpings län,2012-11-01,70,15
1257,Kalmar län,1998-01-01,50,62
1258,Kalmar län,2013-11-01,50,12
1259,Kronobergs län,2002-02-01,37,17
1260,Kronobergs län,2002-11-01,38,1
1261,Kronobergs län,2010-03-01,38,202
1262,Kronobergs län,2010-10-01,38,1
1263,Kronobergs län,2011-01-01,38,250
1264,Kronobergs län,2013-10-01,39,0
1265,Kronobergs län,2014-12-01,39,24
1266,Skåne län,1995-11-01,238,19
1267,Skåne län,1996-10-01,229,0
1268,Skåne län,1997-10-01,229,7
1269,Skåne län,2000-03-01,232,38
1270,Skåne län,2002-01-01,238,90
1271,Skåne län,2002-10-01,245,3
1272,Skåne län,2007-03-01,250,8
1273,Skåne län,2008-03-01,250,94
1274,Stockholms län,1997-12-01,360,53
1275,Stockholms län,2004-02-01,400,150
1276,Stockholms län,2007-10-01,400,0
1277,Stockholms län,2008-10-01,406,0
1278,Stockholms län,2010-02-01,436,296
1279,Stockholms län,2014-02-01,466,169
1280,Södermanlands län,1997-03-01,53,2
1281,Södermanlands län,1998-10-01,54,0
1282,Södermanlands län,1998-12-01,55,88
1283,Södermanlands län,1999-12-01,55,88
1284,Värmlands län,2005-11-01,57,73
1285,Västernorrlands län,2000-12-01,51,50
1286,Västmanlands län,1995-03-01,54,54
1287,Västmanlands län,2001-01-01,55,50
1288,Västmanlands län,2001-11-01,55,16
1289,Västmanlands län,2010-10-01,53,12
1290,Västmanlands län,2013-10-01,54,0
1291,Västra Götalands län,1995-02-01,315,106
1292,Västra Götalands län,2002-11-01,310,55
1293,Västra Götalands län,2003-10-01,311,8
1294,Västra Götalands län,2008-12-01,324,186
1295,Västra Götalands län,2009-12-01,327,569
1296,Västra Götalands län,2012-01-01,338,403
1297,Västra Götalands län,2013-01-01,339,581
1298,Västra Götalands län,2013-03-01,341,372
1299,Västra Götalands län,2014-02-01,349,233
1300,Västra Götalands län,2014-12-01,349,211
1301,Örebro län,1998-12-01,57,178
1302,Örebro län,2002-11-01,58,122
1303,Östergötlands län,1996-02-01,88,72
1304,Östergötlands län,2003-01-01,86,97
1305,Östergötlands län,2003-02-01,89,143
1306,Östergötlands län,2009-11-01,91,32
1307,Blekinge län,2008-02-01,34,0
1308,Blekinge län,2010-10-01,34,0
1309,Dalarnas län,2005-11-01,60,100
1310,Hallands län,1995-01-01,59,67
1311,Hallands län,1996-03-01,59,5
1312,Hallands län,2001-02-01,60,30
1313,Hallands län,2010-01-01,67,291
1314,Hallands län,2012-03-01,66,13
1315,Hallands län,2014-01-01,68,115
1316,Hallands län,2014-10-01,68,0
1317,Jönköpings län,2013-11-01,75,23
1318,Kalmar län,2008-12-01,51,79
1319,Kalmar län,2013-12-01,51,84
1320,Kronobergs län,1997-10-01,40,0
1321,Kronobergs län,2000-02-01,39,4
1322,Kronobergs län,2001-01-01,38,13
1323,Kronobergs län,2003-12-01,39,1
1324,Kronobergs län,2009-01-01,41,33
1325,Kronobergs län,2010-12-01,40,234
1326,Kronobergs län,2011-03-01,41,40
1327,Kronobergs län,2011-10-01,40,0
1328,Kronobergs län,2013-11-01,41,1
1329,Skåne län,1995-12-01,243,60
1330,Skåne län,1997-11-01,240,1
1331,Skåne län,1998-11-01,241,65
1332,Skåne län,1998-12-01,245,99
1333,Skåne län,2001-11-01,246,7
1334,Stockholms län,1995-03-01,381,14
1335,Stockholms län,2004-01-01,405,176
1336,Stockholms län,2011-01-01,463,312
1337,Stockholms län,2011-03-01,459,281
1338,Stockholms län,2013-02-01,469,332
1339,Stockholms län,2013-10-01,473,5
1340,Uppsala län,2001-11-01,64,4
1341,Värmlands län,2002-10-01,59,33
1342,Värmlands län,2006-01-01,60,349
1343,Västra Götalands län,2002-01-01,325,242
1344,Västra Götalands län,2003-01-01,337,292
1345,Västra Götalands län,2003-11-01,329,21
1346,Västra Götalands län,2005-12-01,336,251
1347,Västra Götalands län,2009-11-01,342,8
1348,Västra Götalands län,2010-10-01,339,17
1349,Örebro län,1998-10-01,60,0
1350,Örebro län,2012-10-01,61,2
1351,Örebro län,2014-10-01,62,0
1352,Östergötlands län,1998-01-01,91,68
1353,Blekinge län,2009-10-01,35,0
1354,Blekinge län,2009-11-01,35,0
1355,Hallands län,1997-01-01,62,54
1356,Hallands län,1998-01-01,62,19
1357,Hallands län,2001-01-01,63,20
1358,Hallands län,2003-03-01,64,19
1359,Hallands län,2004-12-01,66,19
1360,Hallands län,2006-11-01,67,2
1361,Hallands län,2007-11-01,68,0
1362,Hallands län,2008-10-01,67,0
1363,Hallands län,2009-02-01,68,79
1364,Hallands län,2010-03-01,68,197
1365,Jönköpings län,2003-12-01,76,34
1366,Jönköpings län,2009-12-01,78,247
1367,Kronobergs län,2007-11-01,42,17
1368,Kronobergs län,2012-11-01,43,0
1369,Kronobergs län,2013-12-01,42,34
1370,Skåne län,1995-02-01,254,18
1371,Skåne län,2000-01-01,259,36
1372,Skåne län,2001-10-01,262,0
1373,Skåne län,2003-02-01,260,203
1374,Skåne län,2006-02-01,274,253
1375,Skåne län,2010-02-01,282,443
1376,Stockholms län,1995-01-01,396,77
1377,Stockholms län,2004-11-01,424,108
1378,Stockholms län,2004-12-01,433,117
1379,Stockholms län,2005-10-01,440,9
1380,Stockholms län,2006-01-01,432,235
1381,Stockholms län,2007-11-01,449,85
1382,Stockholms län,2009-02-01,452,230
1383,Stockholms län,2010-03-01,463,307
1384,Södermanlands län,2012-02-01,64,226
1385,Västmanlands län,2012-10-01,59,14
1386,Västmanlands län,2013-03-01,58,191
1387,Västra Götalands län,2002-10-01,339,50
1388,Västra Götalands län,2008-11-01,363,69
1389,Västra Götalands län,2012-12-01,364,840
1390,Västra Götalands län,2013-10-01,376,0
1391,Västra Götalands län,2013-12-01,372,170
1392,Örebro län,2009-10-01,64,0
1393,Örebro län,2014-12-01,67,65
1394,Östergötlands län,1998-10-01,97,6
1395,Blekinge län,2007-11-01,37,0
1396,Blekinge län,2011-11-01,37,0
1397,Gävleborgs län,1997-11-01,69,48
1398,Hallands län,2001-11-01,67,6
1399,Hallands län,2004-03-01,68,6
1400,Hallands län,2005-03-01,68,66
1401,Hallands län,2005-10-01,68,0
1402,Hallands län,2013-10-01,72,0
1403,Jönköpings län,1999-01-01,78,50
1404,Jönköpings län,2000-12-01,80,38
1405,Jönköpings län,2008-12-01,80,106
1406,Kalmar län,2009-12-01,56,210
1407,Kalmar län,2010-10-01,56,14
1408,Kronobergs län,2001-02-01,42,20
1409,Kronobergs län,2012-01-01,45,96
1410,Skåne län,1995-03-01,263,11
1411,Skåne län,2000-11-01,273,0
1412,Skåne län,2002-03-01,273,19
1413,Skåne län,2003-03-01,271,32
1414,Stockholms län,1995-11-01,414,30
1415,Stockholms län,2005-12-01,447,160
1416,Stockholms län,2008-11-01,462,86
1417,Stockholms län,2009-01-01,479,161
1418,Stockholms län,2009-03-01,486,233
1419,Stockholms län,2010-12-01,481,284
1420,Stockholms län,2014-10-01,516,3
1421,Värmlands län,2014-02-01,65,349
1422,Västmanlands län,2000-10-01,62,6
1423,Västra Götalands län,1995-10-01,364,0
1424,Västra Götalands län,2004-12-01,364,158
1425,Västra Götalands län,2005-11-01,360,62
1426,Västra Götalands län,2010-12-01,383,997
1427,Västra Götalands län,2011-10-01,376,1
1428,Östergötlands län,1995-10-01,100,0
1429,Östergötlands län,2000-11-01,99,4
1430,Blekinge län,2003-11-01,37,0
1431,Blekinge län,2009-12-01,38,33
1432,Hallands län,1999-12-01,67,50
1433,Hallands län,2000-01-01,69,31
1434,Hallands län,2002-02-01,70,21
1435,Hallands län,2004-02-01,71,26
1436,Hallands län,2008-02-01,72,2
1437,Hallands län,2009-03-01,74,14
1438,Hallands län,2013-02-01,75,160
1439,Hallands län,2014-03-01,78,0
1440,Kalmar län,2002-11-01,58,11
1441,Kronobergs län,2009-12-01,46,129
1442,Kronobergs län,2010-01-01,46,284
1443,Kronobergs län,2010-11-01,46,64
1444,Skåne län,1996-12-01,274,63
1445,Skåne län,1997-02-01,280,49
1446,Skåne län,1999-11-01,275,15
1447,Skåne län,2001-12-01,287,75
1448,Skåne län,2005-10-01,291,0
1449,Stockholms län,2014-01-01,555,317
1450,Södermanlands län,1996-01-01,64,32
1451,Södermanlands län,2003-11-01,64,5
1452,Värmlands län,2013-12-01,67,183
1453,Västernorrlands län,2014-11-01,61,67
1454,Västmanlands län,2000-11-01,63,9
1455,Västra Götalands län,2003-12-01,379,145
1456,Örebro län,2014-11-01,71,1
1457,Hallands län,2002-03-01,72,8
1458,Hallands län,2009-01-01,78,16
1459,Hallands län,2011-02-01,77,28
1460,Hallands län,2011-03-01,78,18
1461,Hallands län,2011-10-01,79,0
1462,Hallands län,2012-02-01,79,161
1463,Kronobergs län,2002-12-01,46,49
1464,Skåne län,2010-03-01,321,176
1465,Stockholms län,1995-12-01,446,56
1466,Stockholms län,2003-12-01,478,67
1467,Stockholms län,2010-10-01,536,21
1468,Stockholms län,2014-03-01,560,129
1469,Södermanlands län,2002-02-01,66,41
1470,Uppsala län,1998-10-01,76,0
1471,Västmanlands län,1999-11-01,67,18
1472,Västra Götalands län,2010-11-01,410,375
1473,Västra Götalands län,2013-11-01,425,11
1474,Hallands län,2007-01-01,79,28
1475,Hallands län,2009-10-01,79,0
1476,Hallands län,2014-02-01,84,30
1477,Kalmar län,2009-11-01,64,9
1478,Kronobergs län,2009-10-01,50,0
1479,Skåne län,2005-03-01,309,168
1480,Skåne län,2010-01-01,332,405
1481,Skåne län,2013-03-01,346,177
1482,Stockholms län,1995-10-01,472,0
1483,Stockholms län,2010-11-01,554,147
1484,Stockholms län,2012-10-01,560,18
1485,Stockholms län,2012-12-01,579,392
1486,Stockholms län,2013-11-01,589,28
1487,Örebro län,2012-12-01,75,308
1488,Hallands län,2011-01-01,84,206
1489,Hallands län,2012-11-01,86,0
1490,Jönköpings län,2009-11-01,95,5
1491,Kronobergs län,2004-03-01,49,29
1492,Kronobergs län,2007-10-01,51,0
1493,Kronobergs län,2008-01-01,50,28
1494,Skåne län,1999-12-01,316,48
1495,Skåne län,2000-10-01,317,0
1496,Skåne län,2003-12-01,324,12
1497,Skåne län,2006-01-01,324,290
1498,Skåne län,2010-12-01,341,481
1499,Stockholms län,2008-01-01,559,95
1500,Stockholms län,2008-12-01,559,112
1501,Stockholms län,2013-01-01,596,320
1502,Södermanlands län,1997-11-01,72,30
1503,Västmanlands län,2000-12-01,72,20
1504,Blekinge län,2008-12-01,44,0
1505,Blekinge län,2012-10-01,44,0
1506,Hallands län,2003-12-01,80,3
1507,Hallands län,2006-12-01,84,0
1508,Hallands län,2010-10-01,85,0
1509,Skåne län,2003-01-01,331,110
1510,Skåne län,2006-10-01,337,0
1511,Skåne län,2009-03-01,351,50
1512,Skåne län,2013-01-01,364,294
1513,Stockholms län,2005-11-01,537,54
1514,Stockholms län,2010-01-01,589,333
1515,Stockholms län,2011-11-01,609,4
1516,Stockholms län,2014-11-01,639,25
1517,Södermanlands län,2001-11-01,74,10
1518,Västra Götalands län,2014-11-01,464,11
1519,Örebro län,2000-12-01,80,47
1520,Blekinge län,2001-03-01,5,5
1521,Dalarnas län,2002-01-01,9,309
1522,Gotlands län,1996-03-01,2,34
1523,Gotlands län,1999-01-01,2,62
1524,Gotlands län,1999-03-01,2,63
1525,Gotlands län,2002-03-01,2,32
1526,Gotlands län,2003-02-01,2,102
1527,Gotlands län,2004-11-01,2,59
1528,Gotlands län,2005-02-01,2,110
1529,Gotlands län,2006-02-01,2,145
1530,Gotlands län,2010-10-01,2,0
1531,Gotlands län,2011-12-01,2,23
1532,Gotlands län,2012-12-01,2,172
1533,Gotlands län,2013-01-01,2,147
1534,Gotlands län,2013-03-01,2,94
1535,Gotlands län,2014-03-01,2,9
1536,Jämtlands län,1996-03-01,4,143
1537,Jämtlands län,1997-02-01,4,287
1538,Jämtlands län,1998-12-01,4,199
1539,Jämtlands län,2001-01-01,4,382
1540,Jämtlands län,2001-02-01,4,353
1541,Jämtlands län,2003-10-01,4,91
1542,Jämtlands län,2004-10-01,4,9
1543,Jämtlands län,2006-03-01,4,738
1544,Jämtlands län,2008-02-01,4,826
1545,Jämtlands län,2008-03-01,4,894
1546,Kalmar län,1996-02-01,7,62
1547,Kalmar län,1996-03-01,7,56
1548,Norrbottens län,1996-10-01,8,74
1549,Norrbottens län,1997-12-01,7,403
1550,Norrbottens län,1998-02-01,8,429
1551,Norrbottens län,1998-03-01,8,444
1552,Norrbottens län,1998-12-01,7,415
1553,Norrbottens län,2000-12-01,7,434
1554,Norrbottens län,2001-02-01,8,469
1555,Norrbottens län,2002-10-01,7,213
1556,Norrbottens län,2010-03-01,8,1188
1557,Västerbottens län,1995-10-01,8,5
1558,Västerbottens län,1995-11-01,9,100
1559,Västerbottens län,1996-01-01,9,165
1560,Västerbottens län,1996-10-01,8,5
1561,Västerbottens län,1998-03-01,9,193
1562,Västerbottens län,1999-02-01,9,246
1563,Västerbottens län,2003-12-01,8,269
1564,Västerbottens län,2005-03-01,9,760
1565,Västerbottens län,2006-01-01,8,691
1566,Västerbottens län,2006-02-01,7,630
1567,Västerbottens län,2007-10-01,8,11
1568,Västerbottens län,2008-02-01,9,717
1569,Blekinge län,2007-12-01,45,0
1570,Hallands län,2000-12-01,81,17
1571,Kronobergs län,2014-11-01,56,0
1572,Skåne län,1995-01-01,330,104
1573,Skåne län,2007-10-01,360,0
1574,Skåne län,2008-02-01,365,2
1575,Stockholms län,2004-03-01,560,95
1576,Stockholms län,2012-11-01,640,25
1577,Värmlands län,2013-11-01,82,29
1578,Västra Götalands län,2012-11-01,480,8
1579,Örebro län,1999-11-01,81,33
1580,Hallands län,2005-11-01,88,11
1581,Hallands län,2012-01-01,93,87
1582,Jönköpings län,2011-11-01,106,1
1583,Kalmar län,2000-12-01,73,36
1584,Skåne län,2003-10-01,361,1
1585,Skåne län,2003-11-01,351,0
1586,Skåne län,2004-10-01,358,0
1587,Skåne län,2005-01-01,362,69
1588,Skåne län,2005-02-01,364,161
1589,Skåne län,2012-10-01,389,4
1590,Skåne län,2013-02-01,389,321
1591,Stockholms län,2011-12-01,644,111
1592,Stockholms län,2012-03-01,657,75
1593,Västmanlands län,2009-10-01,78,3
1594,Hallands län,2009-12-01,94,93
1595,Hallands län,2014-11-01,99,0
1596,Jönköpings län,2012-01-01,107,229
1597,Kronobergs län,2008-12-01,58,26
1598,Kronobergs län,2009-11-01,59,1
1599,Skåne län,2002-11-01,367,3
1600,Skåne län,2002-12-01,365,32
1601,Skåne län,2004-01-01,375,193
1602,Skåne län,2004-02-01,365,74
1603,Skåne län,2004-03-01,368,49
1604,Skåne län,2009-12-01,393,154
1605,Stockholms län,2007-12-01,610,49
1606,Stockholms län,2009-10-01,644,19
1607,Stockholms län,2012-01-01,670,240
1608,Stockholms län,2012-02-01,668,292
1609,Hallands län,2014-12-01,103,17
1610,Jönköpings län,2008-11-01,109,65
1611,Skåne län,2011-03-01,414,56
1612,Skåne län,2012-03-01,411,19
1613,Skåne län,2014-03-01,427,1
1614,Stockholms län,2013-12-01,718,113
1615,Södermanlands län,2000-12-01,84,22
1616,Västra Götalands län,2011-12-01,520,191
1617,Hallands län,2002-01-01,93,37
1618,Hallands län,2002-12-01,93,20
1619,Hallands län,2007-12-01,98,0
1620,Skåne län,2005-12-01,397,74
1621,Skåne län,2006-11-01,401,4
1622,Skåne län,2011-01-01,423,339
1623,Skåne län,2012-12-01,433,334
1624,Stockholms län,2009-11-01,685,17
1625,Stockholms län,2014-12-01,740,132
1626,Södermanlands län,1999-11-01,87,13
1627,Hallands län,2008-12-01,103,8
1628,Kronobergs län,2011-12-01,65,27
1629,Skåne län,2007-02-01,423,141
1630,Skåne län,2009-11-01,429,1
1631,Skåne län,2012-02-01,435,220
1632,Skåne län,2014-10-01,446,0
1633,Stockholms län,2009-12-01,692,215
1634,Södermanlands län,2007-10-01,92,0
1635,Hallands län,2005-12-01,103,47
1636,Hallands län,2013-12-01,111,6
1637,Skåne län,2005-11-01,419,32
1638,Skåne län,2007-01-01,428,69
1639,Skåne län,2013-10-01,462,0
1640,Stockholms län,2011-10-01,736,0
1641,Kronobergs län,2008-11-01,67,11
1642,Skåne län,2004-11-01,430,19
1643,Skåne län,2004-12-01,424,39
1644,Skåne län,2009-02-01,458,189
1645,Skåne län,2014-01-01,478,159
1646,Hallands län,2001-12-01,106,38
1647,Hallands län,2011-12-01,115,12
1648,Skåne län,2008-10-01,464,0
1649,Skåne län,2009-01-01,461,48
1650,Skåne län,2012-01-01,480,88
1651,Hallands län,2010-12-01,116,267
1652,Kronobergs län,2011-11-01,72,0
1653,Skåne län,2012-11-01,485,7
1654,Skåne län,2014-02-01,497,69
1655,Västra Götalands län,2011-11-01,614,1
1656,Blekinge län,1995-12-01,6,13
1657,Blekinge län,2001-10-01,6,0
1658,Blekinge län,2001-11-01,6,0
1659,Dalarnas län,2001-02-01,11,270
1660,Dalarnas län,2010-03-01,11,469
1661,Gotlands län,2008-11-01,2,43
1662,Gotlands län,2009-02-01,2,119
1663,Gotlands län,2009-12-01,2,93
1664,Gävleborgs län,1995-12-01,13,68
1665,Gävleborgs län,2001-02-01,12,158
1666,Gävleborgs län,2002-03-01,12,153
1667,Gävleborgs län,2007-02-01,12,453
1668,Gävleborgs län,2008-10-01,11,11
1669,Jämtlands län,1997-03-01,5,299
1670,Jämtlands län,1997-12-01,6,275
1671,Jämtlands län,1998-01-01,5,284
1672,Jämtlands län,1998-11-01,5,292
1673,Jämtlands län,2000-01-01,5,388
1674,Jämtlands län,2001-10-01,5,8
1675,Jämtlands län,2002-10-01,5,174
1676,Jämtlands län,2002-12-01,5,437
1677,Jämtlands län,2003-01-01,5,417
1678,Jämtlands län,2003-11-01,5,225
1679,Jämtlands län,2006-11-01,5,698
1680,Jämtlands län,2007-11-01,5,767
1681,Jämtlands län,2010-03-01,5,922
1682,Jämtlands län,2012-01-01,5,977
1683,Jämtlands län,2012-12-01,5,895
1684,Jönköpings län,2006-02-01,13,348
1685,Kalmar län,1995-11-01,9,26
1686,Kalmar län,1995-12-01,9,41
1687,Kalmar län,1999-01-01,9,73
1688,Kalmar län,2006-03-01,10,270
1689,Kronobergs län,2005-12-01,7,54
1690,Kronobergs län,2006-02-01,7,162
1691,Norrbottens län,1995-01-01,12,451
1692,Norrbottens län,1995-02-01,10,398
1693,Norrbottens län,1996-01-01,11,311
1694,Norrbottens län,1997-03-01,10,387
1695,Norrbottens län,1998-01-01,10,440
1696,Norrbottens län,2000-10-01,10,38
1697,Norrbottens län,2001-01-01,9,505
1698,Norrbottens län,2001-11-01,9,433
1699,Norrbottens län,2001-12-01,11,504
1700,Norrbottens län,2002-03-01,10,546
1701,Norrbottens län,2002-12-01,9,551
1702,Norrbottens län,2003-03-01,9,510
1703,Norrbottens län,2003-11-01,11,326
1704,Norrbottens län,2003-12-01,9,471
1705,Norrbottens län,2006-03-01,11,1101
1706,Norrbottens län,2007-01-01,9,1078
1707,Norrbottens län,2007-10-01,11,54
1708,Norrbottens län,2007-12-01,10,1085
1709,Norrbottens län,2009-03-01,9,1136
1710,Norrbottens län,2010-01-01,11,1153
1711,Norrbottens län,2011-02-01,10,1059
1712,Norrbottens län,2012-11-01,11,847
1713,Norrbottens län,2013-12-01,11,1065
1714,Uppsala län,2006-02-01,11,190
1715,Värmlands län,2007-02-01,11,395
1716,Västerbottens län,1995-01-01,10,173
1717,Västerbottens län,1995-03-01,10,189
1718,Västerbottens län,1996-03-01,10,145
1719,Västerbottens län,1996-12-01,10,185
1720,Västerbottens län,1997-01-01,11,178
1721,Västerbottens län,1997-03-01,10,180
1722,Västerbottens län,1997-12-01,11,179
1723,Västerbottens län,1998-10-01,11,36
1724,Västerbottens län,1998-12-01,11,231
1725,Västerbottens län,1999-10-01,11,14
1726,Västerbottens län,1999-11-01,11,87
1727,Västerbottens län,2000-02-01,11,220
1728,Västerbottens län,2000-03-01,11,221
1729,Västerbottens län,2001-11-01,10,207
1730,Västerbottens län,2003-02-01,9,250
1731,Västerbottens län,2004-03-01,10,337
1732,Västerbottens län,2004-10-01,11,46
1733,Västerbottens län,2006-11-01,10,647
1734,Västerbottens län,2007-02-01,11,695
1735,Västerbottens län,2007-11-01,11,634
1736,Västerbottens län,2009-03-01,10,843
1737,Västerbottens län,2010-02-01,10,818
1738,Västerbottens län,2011-02-01,10,859
1739,Västerbottens län,2012-03-01,10,979
1740,Västerbottens län,2012-11-01,10,435
1741,Västerbottens län,2014-02-01,11,873
1742,Västernorrlands län,1996-03-01,11,69
1743,Västernorrlands län,2010-02-01,9,450
1744,Västernorrlands län,2011-02-01,10,462
1745,Hallands län,2008-11-01,116,8
1746,Hallands län,2013-11-01,123,0
1747,Skåne län,2011-02-01,495,75
1748,Blekinge län,2008-11-01,62,0
1749,Skåne län,2007-12-01,483,0
1750,Skåne län,2008-12-01,494,29
1751,Skåne län,2010-10-01,506,0
1752,Örebro län,2012-11-01,116,22
1753,Skåne län,2008-01-01,509,33
1754,Jönköpings län,2011-12-01,145,114
1755,Skåne län,2009-10-01,523,0
1756,Skåne län,2010-11-01,538,104
1757,Skåne län,2011-10-01,534,0
1758,Skåne län,2014-11-01,545,0
1759,Skåne län,2006-12-01,517,0
1760,Skåne län,2014-12-01,560,31
1761,Hallands län,2010-11-01,144,73
1762,Skåne län,2011-11-01,605,0
1763,Hallands län,2009-11-01,144,0
1764,Blekinge län,1995-02-01,8,1
1765,Blekinge län,1999-12-01,8,14
1766,Blekinge län,2001-02-01,7,5
1767,Blekinge län,2006-02-01,8,57
1768,Dalarnas län,2002-02-01,14,244
1769,Dalarnas län,2003-02-01,15,320
1770,Dalarnas län,2006-02-01,15,376
1771,Dalarnas län,2010-02-01,13,430
1772,Gotlands län,1995-10-01,3,0
1773,Gotlands län,1995-12-01,3,44
1774,Gotlands län,1996-01-01,3,39
1775,Gotlands län,1997-01-01,3,97
1776,Gotlands län,1998-02-01,3,56
1777,Gotlands län,1998-03-01,3,50
1778,Gotlands län,1999-02-01,3,80
1779,Gotlands län,1999-12-01,3,54
1780,Gotlands län,2000-10-01,3,3
1781,Gotlands län,2000-12-01,3,37
1782,Gotlands län,2001-01-01,3,43
1783,Gotlands län,2001-02-01,3,76
1784,Gotlands län,2001-03-01,3,57
1785,Gotlands län,2001-10-01,3,0
1786,Gotlands län,2001-11-01,3,24
1787,Gotlands län,2002-02-01,3,36
1788,Gotlands län,2002-12-01,3,59
1789,Gotlands län,2005-12-01,3,70
1790,Gotlands län,2007-01-01,3,82
1791,Gotlands län,2007-03-01,3,30
1792,Gotlands län,2009-11-01,3,2
1793,Gotlands län,2010-01-01,3,175
1794,Gotlands län,2010-03-01,3,150
1795,Gotlands län,2011-01-01,3,172
1796,Gotlands län,2012-11-01,3,1
1797,Gotlands län,2013-10-01,3,0
1798,Gotlands län,2013-11-01,3,0
1799,Gotlands län,2014-01-01,3,101
1800,Gotlands län,2014-11-01,3,5
1801,Gävleborgs län,2007-01-01,13,363
1802,Gävleborgs län,2008-12-01,14,454
1803,Gävleborgs län,2009-02-01,14,508
1804,Gävleborgs län,2009-03-01,13,528
1805,Gävleborgs län,2010-12-01,15,517
1806,Jämtlands län,1996-11-01,7,283
1807,Jämtlands län,1998-02-01,7,255
1808,Jämtlands län,1998-03-01,7,248
1809,Jämtlands län,1999-03-01,6,344
1810,Jämtlands län,2000-03-01,6,380
1811,Jämtlands län,2001-12-01,7,315
1812,Jämtlands län,2002-01-01,6,359
1813,Jämtlands län,2003-03-01,7,338
1814,Jämtlands län,2005-10-01,6,73
1815,Jämtlands län,2005-11-01,6,288
1816,Jämtlands län,2007-03-01,6,879
1817,Jämtlands län,2007-10-01,6,49
1818,Jämtlands län,2008-01-01,6,898
1819,Jämtlands län,2008-11-01,6,503
1820,Jämtlands län,2009-03-01,6,951
1821,Jämtlands län,2012-03-01,6,775
1822,Jämtlands län,2012-11-01,6,245
1823,Jämtlands län,2013-02-01,6,781
1824,Jämtlands län,2013-03-01,6,816
1825,Jämtlands län,2013-11-01,6,281
1826,Jönköpings län,2007-01-01,18,134
1827,Jönköpings län,2007-03-01,18,75
1828,Kalmar län,1995-01-01,12,77
1829,Kalmar län,1996-01-01,12,61
1830,Kalmar län,1997-01-01,13,84
1831,Kalmar län,1998-03-01,13,64
1832,Kalmar län,2007-02-01,11,230
1833,Norrbottens län,1996-02-01,12,363
1834,Norrbottens län,1997-02-01,14,371
1835,Norrbottens län,1997-10-01,14,126
1836,Norrbottens län,1997-11-01,12,343
1837,Norrbottens län,1998-10-01,14,178
1838,Norrbottens län,1999-11-01,14,273
1839,Norrbottens län,2000-11-01,12,320
1840,Norrbottens län,2005-03-01,12,996
1841,Norrbottens län,2005-12-01,13,1016
1842,Norrbottens län,2006-01-01,13,1044
1843,Norrbottens län,2008-01-01,13,1169
1844,Norrbottens län,2008-03-01,12,1190
1845,Norrbottens län,2008-10-01,12,66
1846,Norrbottens län,2009-02-01,12,1054
1847,Norrbottens län,2013-11-01,12,986
1848,Norrbottens län,2014-01-01,13,1131
1849,Södermanlands län,2006-01-01,13,202
1850,Södermanlands län,2006-03-01,13,257
1851,Uppsala län,2004-10-01,15,0
1852,Värmlands län,2000-03-01,15,70
1853,Värmlands län,2012-03-01,14,199
1854,Västerbottens län,1995-02-01,13,176
1855,Västerbottens län,1997-02-01,12,153
1856,Västerbottens län,1997-10-01,14,18
1857,Västerbottens län,1997-11-01,12,182
1858,Västerbottens län,1999-03-01,13,270
1859,Västerbottens län,1999-12-01,12,236
1860,Västerbottens län,2000-12-01,13,156
1861,Västerbottens län,2001-10-01,14,20
1862,Västerbottens län,2002-10-01,14,114
1863,Västerbottens län,2002-11-01,14,278
1864,Västerbottens län,2003-10-01,12,69
1865,Västerbottens län,2005-10-01,14,70
1866,Västerbottens län,2007-01-01,14,762
1867,Västerbottens län,2010-03-01,13,910
1868,Västerbottens län,2011-03-01,14,932
1869,Västerbottens län,2011-12-01,14,858
1870,Västernorrlands län,1995-03-01,14,199
1871,Västernorrlands län,1999-12-01,12,120
1872,Västernorrlands län,2002-02-01,13,89
1873,Västernorrlands län,2005-02-01,12,332
1874,Västernorrlands län,2008-12-01,11,473
1875,Västernorrlands län,2009-03-01,12,524
1876,Västernorrlands län,2009-12-01,11,371
1877,Västernorrlands län,2010-01-01,12,483
1878,Västernorrlands län,2012-03-01,13,395
1879,Västernorrlands län,2013-03-01,11,516
1880,Västmanlands län,1999-02-01,12,70
1881,Västmanlands län,2004-03-01,13,101
1882,Västmanlands län,2005-03-01,13,184
1883,Östergötlands län,2009-03-01,23,211
1884,Skåne län,2013-12-01,632,14
1885,Skåne län,2007-11-01,612,3
1886,Hallands län,2011-11-01,156,0
1887,Skåne län,2013-11-01,676,1
1888,Skåne län,2011-12-01,673,13
1889,Skåne län,2008-11-01,692,22
1890,Blekinge län,1996-01-01,9,12
1891,Blekinge län,1997-03-01,9,2
1892,Blekinge län,2000-12-01,9,0
1893,Blekinge län,2006-03-01,9,69
1894,Blekinge län,2013-02-01,9,103
1895,Dalarnas län,1995-01-01,17,261
1896,Dalarnas län,1995-11-01,17,99
1897,Dalarnas län,1995-12-01,17,168
1898,Dalarnas län,1996-12-01,18,217
1899,Dalarnas län,1998-01-01,17,267
1900,Dalarnas län,2007-02-01,17,413
1901,Dalarnas län,2007-11-01,16,266
1902,Dalarnas län,2008-02-01,16,371
1903,Dalarnas län,2008-03-01,17,329
1904,Gävleborgs län,1999-02-01,18,120
1905,Gävleborgs län,2000-01-01,18,152
1906,Gävleborgs län,2002-01-01,17,174
1907,Gävleborgs län,2006-11-01,17,190
1908,Jämtlands län,1995-10-01,8,7
1909,Jämtlands län,2000-02-01,8,377
1910,Jämtlands län,2004-03-01,8,370
1911,Jämtlands län,2005-01-01,8,699
1912,Jämtlands län,2006-02-01,7,597
1913,Jämtlands län,2007-01-01,8,877
1914,Jämtlands län,2007-02-01,7,831
1915,Jämtlands län,2009-02-01,8,877
1916,Jämtlands län,2009-12-01,7,882
1917,Jämtlands län,2011-02-01,7,822
1918,Jämtlands län,2012-02-01,7,902
1919,Jämtlands län,2013-01-01,8,856
1920,Jämtlands län,2013-10-01,8,16
1921,Jämtlands län,2013-12-01,7,652
1922,Jämtlands län,2014-01-01,8,825
1923,Jämtlands län,2014-03-01,8,756
1924,Jämtlands län,2014-10-01,8,69
1925,Jönköpings län,1996-01-01,19,61
1926,Jönköpings län,1997-02-01,19,52
1927,Jönköpings län,1999-03-01,20,85
1928,Jönköpings län,2005-03-01,20,254
1929,Kalmar län,1995-03-01,14,10
1930,Kalmar län,1996-12-01,14,77
1931,Kalmar län,2006-01-01,15,270
1932,Kalmar län,2006-02-01,15,242
1933,Kalmar län,2006-10-01,15,2
1934,Kalmar län,2007-01-01,15,119
1935,Kronobergs län,2006-03-01,11,175
1936,Norrbottens län,1995-10-01,16,101
1937,Norrbottens län,1999-03-01,15,479
1938,Norrbottens län,1999-12-01,15,450
1939,Norrbottens län,2005-01-01,16,982
1940,Norrbottens län,2005-02-01,14,921
1941,Norrbottens län,2006-02-01,14,998
1942,Norrbottens län,2006-10-01,15,310
1943,Norrbottens län,2006-11-01,16,1021
1944,Norrbottens län,2007-03-01,14,1140
1945,Norrbottens län,2007-11-01,16,961
1946,Norrbottens län,2008-11-01,16,777
1947,Norrbottens län,2008-12-01,14,1131
1948,Norrbottens län,2010-10-01,16,312
1949,Norrbottens län,2010-12-01,14,1152
1950,Norrbottens län,2011-03-01,16,1208
1951,Norrbottens län,2011-12-01,15,1062
1952,Norrbottens län,2012-02-01,15,1114
1953,Södermanlands län,2002-12-01,15,49
1954,Södermanlands län,2005-03-01,15,156
1955,Uppsala län,2004-02-01,17,142
1956,Uppsala län,2007-03-01,19,60
1957,Uppsala län,2009-01-01,19,131
1958,Uppsala län,2010-03-01,19,222
1959,Uppsala län,2011-02-01,21,178
1960,Värmlands län,2001-03-01,16,106
1961,Värmlands län,2013-02-01,17,452
1962,Västerbottens län,1996-11-01,15,181
1963,Västerbottens län,2002-03-01,15,250
1964,Västerbottens län,2002-12-01,16,289
1965,Västerbottens län,2003-01-01,15,302
1966,Västerbottens län,2004-01-01,15,345
1967,Västerbottens län,2004-12-01,15,689
1968,Västerbottens län,2005-02-01,16,669
1969,Västerbottens län,2005-12-01,16,704
1970,Västerbottens län,2007-03-01,16,733
1971,Västerbottens län,2008-01-01,16,779
1972,Västerbottens län,2009-01-01,15,813
1973,Västerbottens län,2010-10-01,16,255
1974,Västerbottens län,2011-01-01,16,951
1975,Västerbottens län,2012-12-01,16,958
1976,Västerbottens län,2013-10-01,15,66
1977,Västernorrlands län,1997-02-01,16,140
1978,Västernorrlands län,1998-01-01,15,135
1979,Västernorrlands län,2001-02-01,15,107
1980,Västernorrlands län,2002-01-01,15,85
1981,Västernorrlands län,2006-12-01,14,88
1982,Västernorrlands län,2011-03-01,15,526
1983,Västernorrlands län,2012-12-01,14,507
1984,Västmanlands län,1998-02-01,16,44
1985,Västmanlands län,2006-02-01,16,177
1986,Västmanlands län,2006-12-01,17,6
1987,Västmanlands län,2007-02-01,14,192
1988,Västmanlands län,2007-03-01,14,96
1989,Västra Götalands län,2001-03-01,96,235
1990,Örebro län,2008-02-01,16,64
1991,Örebro län,2008-12-01,17,99
1992,Örebro län,2011-02-01,16,283
1993,Östergötlands län,2009-01-01,26,144
1994,Blekinge län,1996-11-01,10,3
1995,Blekinge län,1997-02-01,10,7
1996,Blekinge län,2000-02-01,11,0
1997,Blekinge län,2002-01-01,11,10
1998,Blekinge län,2002-03-01,11,1
1999,Blekinge län,2005-03-01,10,54
2000,Blekinge län,2006-01-01,10,70
2001,Blekinge län,2014-03-01,11,0
2002,Dalarnas län,1995-02-01,20,212
2003,Dalarnas län,1996-11-01,19,171
2004,Dalarnas län,1997-12-01,21,244
2005,Dalarnas län,1998-03-01,21,177
2006,Dalarnas län,1999-03-01,19,262
2007,Dalarnas län,2004-01-01,18,368
2008,Dalarnas län,2005-01-01,20,230
2009,Dalarnas län,2006-03-01,20,427
2010,Dalarnas län,2007-03-01,18,315
2011,Dalarnas län,2011-12-01,18,327
2012,Dalarnas län,2013-01-01,20,530
2013,Dalarnas län,2013-03-01,19,527
2014,Gotlands län,1996-11-01,4,13
2015,Gotlands län,1997-02-01,4,57
2016,Gotlands län,1998-01-01,4,51
2017,Gotlands län,2000-03-01,4,42
2018,Gotlands län,2003-03-01,4,43
2019,Gotlands län,2004-12-01,4,24
2020,Gotlands län,2006-11-01,4,23
2021,Gotlands län,2007-02-01,4,128
2022,Gotlands län,2008-01-01,4,50
2023,Gotlands län,2008-02-01,4,32
2024,Gotlands län,2008-03-01,4,59
2025,Gotlands län,2008-12-01,4,31
2026,Gotlands län,2009-03-01,4,79
2027,Gotlands län,2010-11-01,4,45
2028,Gävleborgs län,1995-01-01,19,131
2029,Gävleborgs län,1995-02-01,21,84
2030,Gävleborgs län,1997-03-01,19,23
2031,Gävleborgs län,1997-12-01,20,138
2032,Gävleborgs län,1998-02-01,21,113
2033,Gävleborgs län,1998-03-01,20,95
2034,Gävleborgs län,1999-01-01,19,142
2035,Gävleborgs län,1999-03-01,19,145
2036,Gävleborgs län,1999-10-01,19,1
2037,Gävleborgs län,2005-01-01,18,213
2038,Gävleborgs län,2010-01-01,19,573
2039,Gävleborgs län,2010-02-01,18,528
2040,Gävleborgs län,2011-01-01,19,522
2041,Gävleborgs län,2011-02-01,20,406
2042,Gävleborgs län,2012-01-01,20,470
2043,Gävleborgs län,2013-02-01,19,500
2044,Jämtlands län,1995-12-01,10,100
2045,Jämtlands län,1996-10-01,10,2
2046,Jämtlands län,1997-10-01,10,71
2047,Jämtlands län,1997-11-01,9,242
2048,Jämtlands län,1998-10-01,9,65
2049,Jämtlands län,2000-10-01,9,38
2050,Jämtlands län,2004-11-01,9,367
2051,Jämtlands län,2004-12-01,9,689
2052,Jämtlands län,2005-03-01,9,710
2053,Jämtlands län,2014-02-01,9,795
2054,Jönköpings län,1995-01-01,23,181
2055,Jönköpings län,1996-03-01,23,58
2056,Jönköpings län,2000-03-01,23,45
2057,Jönköpings län,2001-03-01,23,71
2058,Jönköpings län,2005-10-01,24,2
2059,Jönköpings län,2006-10-01,23,2
2060,Jönköpings län,2006-12-01,24,0
2061,Jönköpings län,2007-02-01,24,261
2062,Jönköpings län,2008-03-01,25,145
2063,Jönköpings län,2010-02-01,23,457
2064,Jönköpings län,2010-12-01,24,447
2065,Kalmar län,1998-02-01,17,52
2066,Kalmar län,1998-11-01,17,126
2067,Kalmar län,1999-02-01,17,165
2068,Kalmar län,1999-03-01,17,63
2069,Kalmar län,2001-11-01,17,30
2070,Kalmar län,2005-11-01,17,33
2071,Kalmar län,2011-02-01,17,343
2072,Kalmar län,2013-01-01,16,359
2073,Kalmar län,2013-03-01,16,364
2074,Kronobergs län,2005-11-01,13,31
2075,Norrbottens län,1995-03-01,18,413
2076,Norrbottens län,1999-01-01,19,469
2077,Norrbottens län,2000-01-01,17,463
2078,Norrbottens län,2001-10-01,17,54
2079,Norrbottens län,2004-11-01,17,650
2080,Norrbottens län,2007-02-01,17,1056
2081,Norrbottens län,2009-12-01,18,1115
2082,Norrbottens län,2012-03-01,17,1175
2083,Norrbottens län,2013-02-01,17,1027
2084,Norrbottens län,2013-03-01,17,1143
2085,Stockholms län,2000-02-01,132,64
2086,Södermanlands län,2000-02-01,19,37
2087,Södermanlands län,2000-03-01,19,29
2088,Södermanlands län,2001-03-01,19,58
2089,Uppsala län,2001-02-01,21,22
2090,Uppsala län,2002-10-01,20,0
2091,Uppsala län,2006-03-01,20,258
2092,Uppsala län,2007-02-01,22,215
2093,Uppsala län,2010-02-01,24,237
2094,Värmlands län,1996-01-01,21,82
2095,Värmlands län,1996-11-01,20,77
2096,Värmlands län,1997-02-01,19,78
2097,Värmlands län,1997-03-01,21,68
2098,Värmlands län,2006-03-01,19,406
2099,Värmlands län,2007-03-01,19,224
2100,Värmlands län,2008-03-01,18,230
2101,Värmlands län,2009-02-01,19,398
2102,Värmlands län,2010-02-01,19,447
2103,Värmlands län,2010-03-01,20,500
2104,Värmlands län,2011-12-01,18,213
2105,Västerbottens län,1998-11-01,18,208
2106,Västerbottens län,1999-01-01,18,266
2107,Västerbottens län,2000-01-01,18,216
2108,Västerbottens län,2001-03-01,18,237
2109,Västerbottens län,2005-11-01,17,215
2110,Västerbottens län,2007-12-01,17,692
2111,Västerbottens län,2009-02-01,19,746
2112,Västerbottens län,2010-11-01,18,778
2113,Västerbottens län,2013-02-01,17,875
2114,Västerbottens län,2013-12-01,19,796
2115,Västerbottens län,2014-03-01,19,832
2116,Västernorrlands län,1996-12-01,18,150
2117,Västernorrlands län,1997-01-01,19,160
2118,Västernorrlands län,1997-03-01,19,145
2119,Västernorrlands län,1997-11-01,17,83
2120,Västernorrlands län,1997-12-01,19,128
2121,Västernorrlands län,2000-01-01,18,128
2122,Västernorrlands län,2002-03-01,18,86
2123,Västernorrlands län,2003-02-01,16,88
2124,Västernorrlands län,2005-03-01,18,365
2125,Västernorrlands län,2005-12-01,18,379
2126,Västernorrlands län,2006-02-01,18,403
2127,Västernorrlands län,2007-10-01,18,9
2128,Västernorrlands län,2008-11-01,16,218
2129,Västernorrlands län,2012-01-01,16,506
2130,Västernorrlands län,2013-01-01,17,504
2131,Västernorrlands län,2014-01-01,16,384
2132,Västmanlands län,1995-11-01,19,2
2133,Västmanlands län,2011-02-01,19,172
2134,Västra Götalands län,1996-02-01,112,198
2135,Västra Götalands län,1996-03-01,111,97
2136,Västra Götalands län,1998-03-01,111,201
2137,Västra Götalands län,1998-12-01,109,302
2138,Örebro län,2001-03-01,19,146
2139,Örebro län,2004-01-01,20,232
2140,Örebro län,2004-02-01,19,191
2141,Östergötlands län,2005-03-01,29,242
2142,Östergötlands län,2005-12-01,31,181
2143,Östergötlands län,2006-02-01,29,334
2144,Östergötlands län,2007-02-01,29,282
2145,Östergötlands län,2008-11-01,28,69
2146,Östergötlands län,2010-02-01,29,496
2147,Östergötlands län,2011-02-01,32,384
2148,Östergötlands län,2011-03-01,32,224
2149,Östergötlands län,2011-10-01,28,0
2150,Östergötlands län,2012-10-01,32,7
2151,Östergötlands län,2013-02-01,29,380
2152,Blekinge län,1996-12-01,12,16
2153,Blekinge län,1997-11-01,12,0
2154,Blekinge län,2010-02-01,12,99
2155,Blekinge län,2013-03-01,12,35
2156,Dalarnas län,1996-10-01,22,0
2157,Dalarnas län,1997-02-01,22,135
2158,Dalarnas län,1998-02-01,23,184
2159,Dalarnas län,1998-10-01,22,33
2160,Dalarnas län,1999-02-01,23,169
2161,Dalarnas län,2001-03-01,23,286
2162,Dalarnas län,2002-03-01,22,269
2163,Dalarnas län,2002-12-01,22,347
2164,Dalarnas län,2005-02-01,22,310
2165,Dalarnas län,2006-11-01,21,228
2166,Dalarnas län,2007-12-01,21,290
2167,Dalarnas län,2009-11-01,21,52
2168,Dalarnas län,2013-11-01,23,43
2169,Dalarnas län,2014-11-01,21,47
2170,Gävleborgs län,1997-01-01,23,110
2171,Gävleborgs län,1997-02-01,22,96
2172,Gävleborgs län,1997-10-01,24,7
2173,Gävleborgs län,2001-01-01,21,168
2174,Gävleborgs län,2003-10-01,22,33
2175,Gävleborgs län,2004-01-01,21,193
2176,Gävleborgs län,2005-02-01,22,293
2177,Gävleborgs län,2006-01-01,22,449
2178,Gävleborgs län,2006-12-01,22,8
2179,Gävleborgs län,2007-03-01,21,326
2180,Gävleborgs län,2007-11-01,21,249
2181,Gävleborgs län,2011-03-01,22,526
2182,Gävleborgs län,2012-03-01,23,164
2183,Gävleborgs län,2013-01-01,22,513
2184,Jämtlands län,1999-11-01,11,109
2185,Jämtlands län,2006-10-01,10,242
2186,Jämtlands län,2011-11-01,10,91
2187,Jönköpings län,1995-03-01,24,51
2188,Jönköpings län,1996-02-01,25,69
2189,Jönköpings län,1996-12-01,26,116
2190,Jönköpings län,1997-03-01,25,1
2191,Jönköpings län,2001-11-01,26,31
2192,Jönköpings län,2010-01-01,28,500
2193,Kalmar län,1996-11-01,20,23
2194,Kalmar län,1997-02-01,20,51
2195,Kalmar län,1997-03-01,20,7
2196,Kalmar län,1997-11-01,20,7
2197,Kalmar län,2001-01-01,18,54
2198,Kalmar län,2001-03-01,19,100
2199,Kalmar län,2004-03-01,19,45
2200,Kalmar län,2005-03-01,19,260
2201,Kronobergs län,1995-01-01,15,23
2202,Kronobergs län,1995-03-01,15,2
2203,Kronobergs län,1995-12-01,15,26
2204,Kronobergs län,1996-01-01,14,40
2205,Kronobergs län,1996-03-01,15,36
2206,Kronobergs län,1998-02-01,14,14
2207,Kronobergs län,1998-03-01,15,14
2208,Kronobergs län,1998-12-01,14,42
2209,Kronobergs län,2001-03-01,15,25
2210,Kronobergs län,2006-10-01,14,0
2211,Kronobergs län,2013-03-01,14,156
2212,Norrbottens län,2002-01-01,20,507
2213,Norrbottens län,2003-10-01,20,155
2214,Norrbottens län,2004-01-01,19,567
2215,Norrbottens län,2004-12-01,21,973
2216,Norrbottens län,2006-12-01,19,939
2217,Norrbottens län,2008-02-01,21,1103
2218,Norrbottens län,2009-01-01,19,1151
2219,Norrbottens län,2012-10-01,20,236
2220,Stockholms län,2000-03-01,145,57
2221,Stockholms län,2001-02-01,145,66
2222,Stockholms län,2001-03-01,153,61
2223,Södermanlands län,2003-03-01,22,45
2224,Södermanlands län,2004-02-01,20,128
2225,Södermanlands län,2005-02-01,20,131
2226,Södermanlands län,2006-02-01,20,229
2227,Uppsala län,2001-03-01,25,22
2228,Uppsala län,2002-11-01,25,37
2229,Uppsala län,2003-02-01,25,104
2230,Uppsala län,2003-03-01,23,39
2231,Uppsala län,2005-10-01,23,0
2232,Uppsala län,2006-11-01,23,27
2233,Uppsala län,2008-10-01,25,0
2234,Uppsala län,2008-11-01,26,57
2235,Uppsala län,2010-01-01,26,254
2236,Uppsala län,2011-01-01,27,150
2237,Uppsala län,2011-12-01,27,33
2238,Uppsala län,2013-03-01,26,198
2239,Uppsala län,2014-03-01,29,22
2240,Uppsala län,2014-11-01,28,0
2241,Värmlands län,1995-03-01,23,85
2242,Värmlands län,1995-12-01,24,75
2243,Värmlands län,1996-12-01,23,104
2244,Värmlands län,1997-01-01,23,101
2245,Värmlands län,1998-01-01,22,110
2246,Värmlands län,1998-02-01,22,79
2247,Värmlands län,2001-01-01,23,97
2248,Värmlands län,2002-03-01,23,88
2249,Värmlands län,2004-03-01,21,200
2250,Värmlands län,2006-10-01,21,10
2251,Värmlands län,2009-03-01,22,409
2252,Värmlands län,2012-01-01,23,376
2253,Västerbottens län,2000-10-01,20,15
2254,Västerbottens län,2001-12-01,20,220
2255,Västerbottens län,2005-01-01,20,724
2256,Västerbottens län,2008-10-01,20,20
2257,Västerbottens län,2008-12-01,20,832
2258,Västerbottens län,2009-10-01,20,291
2259,Västerbottens län,2009-12-01,20,849
2260,Västerbottens län,2014-01-01,20,922
2261,Västernorrlands län,1995-01-01,21,205
2262,Västernorrlands län,1995-02-01,20,177
2263,Västernorrlands län,1996-02-01,21,67
2264,Västernorrlands län,1998-03-01,19,122
2265,Västernorrlands län,1999-02-01,21,154
2266,Västernorrlands län,1999-03-01,19,181
2267,Västernorrlands län,2000-02-01,19,124
2268,Västernorrlands län,2000-03-01,21,129
2269,Västernorrlands län,2001-12-01,19,73
2270,Västernorrlands län,2003-01-01,19,95
2271,Västernorrlands län,2004-03-01,20,105
2272,Västernorrlands län,2005-01-01,20,330
2273,Västernorrlands län,2006-01-01,19,449
2274,Västernorrlands län,2006-11-01,20,227
2275,Västernorrlands län,2007-01-01,19,402
2276,Västernorrlands län,2007-03-01,19,414
2277,Västernorrlands län,2008-02-01,20,343
2278,Västernorrlands län,2010-03-01,19,471
2279,Västmanlands län,2003-02-01,21,63
2280,Västmanlands län,2005-02-01,22,136
2281,Västmanlands län,2006-03-01,20,216
2282,Västra Götalands län,1996-01-01,127,145
2283,Västra Götalands län,1996-10-01,117,0
2284,Västra Götalands län,1997-03-01,118,4
2285,Västra Götalands län,1997-10-01,122,0
2286,Västra Götalands län,1998-02-01,112,139
2287,Västra Götalands län,1999-03-01,117,163
2288,Västra Götalands län,2000-03-01,119,130
2289,Västra Götalands län,2001-02-01,118,232
2290,Örebro län,2001-11-01,21,35
2291,Örebro län,2003-02-01,22,223
2292,Örebro län,2003-03-01,23,70
2293,Örebro län,2003-12-01,22,99
2294,Örebro län,2006-02-01,21,222
2295,Örebro län,2007-03-01,22,82
2296,Örebro län,2013-02-01,24,271
2297,Östergötlands län,1997-03-01,34,13
2298,Östergötlands län,2004-12-01,34,98
2299,Östergötlands län,2005-02-01,32,198
2300,Östergötlands län,2006-01-01,33,345
2301,Östergötlands län,2007-01-01,32,147
2302,Östergötlands län,2007-12-01,35,65
2303,Östergötlands län,2008-01-01,35,134
2304,Östergötlands län,2009-02-01,34,303
2305,Östergötlands län,2013-01-01,35,375
2306,Östergötlands län,2014-01-01,35,370
2307,Blekinge län,1995-11-01,14,2
2308,Blekinge län,1996-02-01,14,22
2309,Blekinge län,1996-03-01,14,0
2310,Blekinge län,1999-03-01,13,1
2311,Blekinge län,1999-11-01,13,5
2312,Blekinge län,2002-02-01,14,6
2313,Blekinge län,2002-10-01,14,2
2314,Blekinge län,2003-02-01,13,47
2315,Blekinge län,2004-02-01,13,16
2316,Blekinge län,2008-10-01,14,0
2317,Blekinge län,2011-01-01,14,102
2318,Dalarnas län,1995-03-01,25,235
2319,Dalarnas län,1997-01-01,26,179
2320,Dalarnas län,1997-03-01,26,63
2321,Dalarnas län,1997-11-01,27,135
2322,Dalarnas län,1998-11-01,25,184
2323,Dalarnas län,1999-01-01,24,242
2324,Dalarnas län,1999-10-01,24,2
2325,Dalarnas län,2000-02-01,26,228
2326,Dalarnas län,2001-10-01,25,2
2327,Dalarnas län,2003-01-01,25,338
2328,Dalarnas län,2004-02-01,26,343
2329,Dalarnas län,2006-01-01,25,408
2330,Dalarnas län,2006-12-01,25,39
2331,Dalarnas län,2007-01-01,26,336
2332,Dalarnas län,2009-02-01,24,447
2333,Dalarnas län,2009-12-01,25,348
2334,Dalarnas län,2011-11-01,26,16
2335,Dalarnas län,2014-02-01,26,415
2336,Gotlands län,1995-03-01,5,48
2337,Gotlands län,1997-11-01,5,36
2338,Gotlands län,1999-10-01,5,0
2339,Gotlands län,1999-11-01,5,28
2340,Gotlands län,2002-01-01,5,83
2341,Gotlands län,2002-11-01,5,35
2342,Gotlands län,2003-01-01,5,80
2343,Gotlands län,2006-01-01,5,135
2344,Gotlands län,2006-12-01,5,0
2345,Gotlands län,2011-10-01,5,0
2346,Gotlands län,2012-10-01,5,4
2347,Gävleborgs län,1995-03-01,26,115
2348,Gävleborgs län,1996-11-01,25,73
2349,Gävleborgs län,1998-01-01,26,144
2350,Gävleborgs län,1998-12-01,26,111
2351,Gävleborgs län,2000-02-01,24,89
2352,Gävleborgs län,2000-03-01,26,104
2353,Gävleborgs län,2001-11-01,25,45
2354,Gävleborgs län,2002-02-01,26,145
2355,Gävleborgs län,2003-01-01,26,168
2356,Gävleborgs län,2003-11-01,26,54
2357,Gävleborgs län,2004-02-01,24,168
2358,Gävleborgs län,2005-03-01,24,367
2359,Gävleborgs län,2006-10-01,26,8
2360,Gävleborgs län,2011-10-01,24,1
2361,Gävleborgs län,2012-02-01,24,477
2362,Gävleborgs län,2012-12-01,26,544
2363,Gävleborgs län,2013-03-01,25,508
2364,Gävleborgs län,2013-10-01,24,0
2365,Jämtlands län,1996-01-01,12,68
2366,Jämtlands län,1999-01-01,12,265
2367,Jämtlands län,2002-11-01,11,438
2368,Jämtlands län,2006-01-01,11,755
2369,Jämtlands län,2010-11-01,11,610
2370,Jämtlands län,2010-12-01,12,862
2371,Jämtlands län,2011-03-01,11,882
2372,Jämtlands län,2011-10-01,11,12
2373,Jönköpings län,1997-12-01,27,40
2374,Jönköpings län,1998-02-01,30,53
2375,Jönköpings län,1998-03-01,28,90
2376,Jönköpings län,2002-10-01,30,18
2377,Jönköpings län,2003-02-01,29,163
2378,Jönköpings län,2003-03-01,28,29
2379,Jönköpings län,2006-11-01,30,18
2380,Jönköpings län,2010-03-01,30,392
2381,Jönköpings län,2013-01-01,30,274
2382,Kalmar län,1995-02-01,23,21
2383,Kalmar län,1997-10-01,21,4
2384,Kalmar län,2001-12-01,21,80
2385,Kalmar län,2003-03-01,22,45
2386,Kalmar län,2004-10-01,20,0
2387,Kalmar län,2005-10-01,22,0
2388,Kalmar län,2007-03-01,20,66
2389,Kronobergs län,1995-02-01,16,3
2390,Kronobergs län,2004-02-01,16,25
2391,Kronobergs län,2006-11-01,17,4
2392,Norrbottens län,1999-10-01,24,21
2393,Norrbottens län,2004-02-01,23,540
2394,Norrbottens län,2004-03-01,22,592
2395,Norrbottens län,2004-10-01,23,242
2396,Norrbottens län,2005-11-01,23,513
2397,Stockholms län,1999-02-01,160,62
2398,Stockholms län,2000-01-01,159,89
2399,Stockholms län,2001-01-01,161,78
2400,Södermanlands län,2002-11-01,24,45
2401,Södermanlands län,2005-10-01,23,4
2402,Södermanlands län,2005-12-01,24,116
2403,Södermanlands län,2006-11-01,23,10
2404,Södermanlands län,2007-02-01,24,161
2405,Södermanlands län,2009-02-01,24,143
2406,Södermanlands län,2009-11-01,24,3
2407,Uppsala län,1995-02-01,26,38
2408,Uppsala län,1998-01-01,27,42
2409,Uppsala län,2000-02-01,27,9
2410,Uppsala län,2004-03-01,27,68
2411,Uppsala län,2005-02-01,28,128
2412,Uppsala län,2005-11-01,27,33
2413,Uppsala län,2014-02-01,32,46
2414,Värmlands län,1995-01-01,26,115
2415,Värmlands län,1996-02-01,26,89
2416,Värmlands län,1997-12-01,25,107
2417,Värmlands län,2000-01-01,24,88
2418,Värmlands län,2000-11-01,24,15
2419,Värmlands län,2001-10-01,24,0
2420,Värmlands län,2004-02-01,25,217
2421,Värmlands län,2005-10-01,24,29
2422,Värmlands län,2010-01-01,25,485
2423,Värmlands län,2011-11-01,25,6
2424,Västerbottens län,1998-01-01,24,190
2425,Västerbottens län,2006-12-01,22,479
2426,Västerbottens län,2013-01-01,24,982
2427,Västernorrlands län,1995-11-01,23,25
2428,Västernorrlands län,1996-11-01,22,110
2429,Västernorrlands län,1998-02-01,22,122
2430,Västernorrlands län,2001-03-01,21,114
2431,Västernorrlands län,2002-11-01,21,106
2432,Västernorrlands län,2004-01-01,21,123
2433,Västernorrlands län,2004-02-01,22,120
2434,Västernorrlands län,2008-03-01,23,397
2435,Västernorrlands län,2008-10-01,23,4
2436,Västernorrlands län,2014-03-01,23,246
2437,Västmanlands län,1998-12-01,24,86
2438,Västmanlands län,2001-02-01,24,54
2439,Västmanlands län,2002-11-01,24,39
2440,Västmanlands län,2004-11-01,23,86
2441,Västmanlands län,2007-01-01,23,106
2442,Västmanlands län,2011-03-01,23,165
2443,Västmanlands län,2014-02-01,24,120
2444,Västra Götalands län,1997-01-01,139,244
2445,Västra Götalands län,1998-01-01,130,209
2446,Västra Götalands län,1998-11-01,137,187
2447,Västra Götalands län,1999-02-01,127,193
2448,Västra Götalands län,2000-02-01,139,76
2449,Västra Götalands län,2001-01-01,139,193
2450,Västra Götalands län,2006-10-01,145,4
2451,Örebro län,1998-02-01,24,84
2452,Örebro län,2001-02-01,24,178
2453,Örebro län,2005-03-01,24,144
2454,Örebro län,2006-03-01,26,242
2455,Örebro län,2007-02-01,24,216
2456,Örebro län,2008-03-01,26,64
2457,Örebro län,2008-11-01,26,65
2458,Örebro län,2009-03-01,25,220
2459,Örebro län,2011-11-01,26,0
2460,Örebro län,2012-01-01,24,128
2461,Örebro län,2013-03-01,25,236
2462,Östergötlands län,1998-03-01,37,83
2463,Östergötlands län,2001-02-01,36,90
2464,Östergötlands län,2001-03-01,37,89
2465,Östergötlands län,2001-12-01,39,91
2466,Östergötlands län,2004-02-01,38,137
2467,Östergötlands län,2007-03-01,39,110
2468,Östergötlands län,2008-02-01,37,76
2469,Östergötlands län,2008-03-01,40,141
2470,Östergötlands län,2010-01-01,38,531
2471,Östergötlands län,2010-03-01,38,424
2472,Östergötlands län,2012-12-01,38,496
2473,Östergötlands län,2013-03-01,41,317
